#correcteur=P,Kp=80,Ki=0,Kd=0,FF=204.0,Vc=0.7
t_s,mode,vitesse_freq_ms,vitesse_periode_ms,consigne_vitesse_ms,distance_m,consigne_dist_m,erreur_m,commande_pwm
0.0,2,0.4529,0.006,0.7,-1.0,0.3,0.694,210.0
0.1,2,0.8382,0.4689,0.7,-1.0,0.3,0.2311,222.5
0.2,2,0.8445,0.744,0.7,-1.0,0.3,-0.044,200.5
0.3,2,0.9436,0.8774,0.7,-1.0,0.3,-0.1774,189.8
0.4,2,0.9495,0.892,0.7,-1.0,0.3,-0.192,188.6
0.5,2,0.8964,0.9114,0.7,-1.0,0.3,-0.2114,187.1
0.6,2,0.8109,0.9272,0.7,-1.0,0.3,-0.2272,185.8
0.7,2,0.8966,0.905,0.7,-1.0,0.3,-0.205,187.6
0.8,2,0.9495,0.9182,0.7,-1.0,0.3,-0.2182,186.5
0.9,2,0.8458,0.9198,0.7,-1.0,0.3,-0.2198,186.4
1.0,2,0.912,0.9482,0.7,-1.0,0.3,-0.2482,184.1
1.1,2,0.841,0.9263,0.7,-1.0,0.3,-0.2263,185.9
1.2,2,0.9349,0.92,0.7,-1.0,0.3,-0.22,186.4
1.3,2,0.9527,0.9144,0.7,-1.0,0.3,-0.2144,186.8
1.4,2,0.9122,0.9229,0.7,-1.0,0.3,-0.2229,186.2
1.5,2,1.0407,0.9225,0.7,-1.0,0.3,-0.2225,186.2
1.6,2,0.8648,0.9294,0.7,-1.0,0.3,-0.2294,185.6
1.7,2,0.8527,0.9381,0.7,-1.0,0.3,-0.2381,185.0
1.8,2,0.8088,0.9285,0.7,-1.0,0.3,-0.2285,185.7
1.9,2,0.9416,0.9105,0.7,-1.0,0.3,-0.2105,187.2
2.0,2,0.937,0.9387,0.7,-1.0,0.3,-0.2387,184.9
2.1,2,0.9093,0.9254,0.7,-1.0,0.3,-0.2254,186.0
2.2,2,0.8873,0.9096,0.7,-1.0,0.3,-0.2096,187.2
2.3,2,0.993,0.925,0.7,-1.0,0.3,-0.225,186.0
2.4,2,0.8217,0.9337,0.7,-1.0,0.3,-0.2337,185.3
2.5,2,0.9036,0.9314,0.7,-1.0,0.3,-0.2314,185.5
2.6,2,0.9653,0.9186,0.7,-1.0,0.3,-0.2186,186.5
2.7,2,0.9815,0.9409,0.7,-1.0,0.3,-0.2409,184.7
2.8,2,0.9099,0.9156,0.7,-1.0,0.3,-0.2156,186.8
2.9,2,0.9856,0.9325,0.7,-1.0,0.3,-0.2325,185.4
3.0,2,0.9172,0.9214,0.7,-1.0,0.3,-0.2214,186.3
3.1,2,0.8583,0.915,0.7,-1.0,0.3,-0.215,186.8
3.2,2,1.0081,0.9398,0.7,-1.0,0.3,-0.2398,184.8
3.3,2,0.9875,0.9258,0.7,-1.0,0.3,-0.2258,185.9
3.4,2,0.8879,0.9316,0.7,-1.0,0.3,-0.2316,185.5
3.5,2,1.0186,0.9309,0.7,-1.0,0.3,-0.2309,185.5
3.6,2,1.0209,0.9259,0.7,-1.0,0.3,-0.2259,185.9
3.7,2,0.9821,0.8956,0.7,-1.0,0.3,-0.1956,188.4
3.8,2,0.9113,0.9338,0.7,-1.0,0.3,-0.2338,185.3
3.9,2,0.8087,0.9304,0.7,-1.0,0.3,-0.2304,185.6
4.0,2,0.9495,0.9253,0.7,-1.0,0.3,-0.2253,186.0
4.1,2,0.8934,0.9458,0.7,-1.0,0.3,-0.2458,184.3
4.2,2,0.8979,0.9148,0.7,-1.0,0.3,-0.2148,186.8
4.3,2,0.9454,0.939,0.7,-1.0,0.3,-0.239,184.9
4.4,2,0.9586,0.9193,0.7,-1.0,0.3,-0.2193,186.5
4.5,2,0.9855,0.929,0.7,-1.0,0.3,-0.229,185.7
4.6,2,0.9092,0.9189,0.7,-1.0,0.3,-0.2189,186.5
4.7,2,0.841,0.9242,0.7,-1.0,0.3,-0.2242,186.1
4.8,2,0.943,0.9323,0.7,-1.0,0.3,-0.2323,185.4
4.9,2,0.9133,0.9274,0.7,-1.0,0.3,-0.2274,185.8
5.0,2,0.9051,0.9104,0.7,-1.0,0.3,-0.2104,187.2
5.1,2,0.8811,0.9262,0.7,-1.0,0.3,-0.2262,185.9
5.2,2,0.9527,0.9273,0.7,-1.0,0.3,-0.2273,185.8
5.3,2,0.9343,0.9511,0.7,-1.0,0.3,-0.2511,183.9
5.4,2,0.921,0.9269,0.7,-1.0,0.3,-0.2269,185.8
5.5,2,0.9291,0.9024,0.7,-1.0,0.3,-0.2024,187.8
5.6,2,1.0763,0.9314,0.7,-1.0,0.3,-0.2314,185.5
5.7,2,0.9463,0.9262,0.7,-1.0,0.3,-0.2262,185.9
5.8,2,0.8577,0.9278,0.7,-1.0,0.3,-0.2278,185.8
5.9,2,0.9702,0.9415,0.7,-1.0,0.3,-0.2415,184.7
6.0,2,0.8703,0.9346,0.7,-1.0,0.3,-0.2346,185.2
6.1,2,0.8393,0.9417,0.7,-1.0,0.3,-0.2417,184.7
6.2,2,1.0561,0.9305,0.7,-1.0,0.3,-0.2305,185.6
6.3,2,0.8944,0.9128,0.7,-1.0,0.3,-0.2128,187.0
6.4,2,0.8974,0.9296,0.7,-1.0,0.3,-0.2296,185.6
6.5,2,0.9348,0.909,0.7,-1.0,0.3,-0.209,187.3
6.6,2,0.9593,0.918,0.7,-1.0,0.3,-0.218,186.6
6.7,2,1.0237,0.9199,0.7,-1.0,0.3,-0.2199,186.4
6.8,2,0.911,0.9213,0.7,-1.0,0.3,-0.2213,186.3
6.9,2,0.8529,0.9401,0.7,-1.0,0.3,-0.2401,184.8
7.0,2,1.0051,0.9295,0.7,-1.0,0.3,-0.2295,185.6
7.1,2,0.9416,0.9074,0.7,-1.0,0.3,-0.2074,187.4
7.2,2,0.9749,0.9336,0.7,-1.0,0.3,-0.2336,185.3
7.3,2,0.851,0.9132,0.7,-1.0,0.3,-0.2132,186.9
7.4,2,0.9452,0.9365,0.7,-1.0,0.3,-0.2365,185.1
7.5,2,0.9476,0.9304,0.7,-1.0,0.3,-0.2304,185.6
7.6,2,0.9426,0.9187,0.7,-1.0,0.3,-0.2187,186.5
7.7,2,0.8844,0.9321,0.7,-1.0,0.3,-0.2321,185.4
7.8,2,0.9518,0.9496,0.7,-1.0,0.3,-0.2496,184.0
7.9,2,0.9678,0.9091,0.7,-1.0,0.3,-0.2091,187.3
8.0,2,0.977,0.9167,0.7,-1.0,0.3,-0.2167,186.7
8.1,2,0.8766,0.9437,0.7,-1.0,0.3,-0.2437,184.5
8.2,2,0.9495,0.9374,0.7,-1.0,0.3,-0.2374,185.0
8.3,2,1.0385,0.9346,0.7,-1.0,0.3,-0.2346,185.2
8.4,2,0.8816,0.9217,0.7,-1.0,0.3,-0.2217,186.3
8.5,2,0.8801,0.9162,0.7,-1.0,0.3,-0.2162,186.7
8.6,2,0.9487,0.9281,0.7,-1.0,0.3,-0.2281,185.7
8.7,2,0.9767,0.9315,0.7,-1.0,0.3,-0.2315,185.5
8.8,2,1.0145,0.9273,0.7,-1.0,0.3,-0.2273,185.8
8.9,2,1.0911,0.9241,0.7,-1.0,0.3,-0.2241,186.1
9.0,2,0.8748,0.9354,0.7,-1.0,0.3,-0.2354,185.2
9.1,2,0.9582,0.9134,0.7,-1.0,0.3,-0.2134,186.9
9.2,2,0.9714,0.9265,0.7,-1.0,0.3,-0.2265,185.9
9.3,2,0.9225,0.9342,0.7,-1.0,0.3,-0.2342,185.3
9.4,2,0.8381,0.9167,0.7,-1.0,0.3,-0.2167,186.7
9.5,2,0.9803,0.9236,0.7,-1.0,0.3,-0.2236,186.1
9.6,2,0.8528,0.9315,0.7,-1.0,0.3,-0.2315,185.5
9.7,2,0.9502,0.9296,0.7,-1.0,0.3,-0.2296,185.6
9.8,2,0.9384,0.9165,0.7,-1.0,0.3,-0.2165,186.7
9.9,2,0.8594,0.9298,0.7,-1.0,0.3,-0.2298,185.6
10.0,2,0.9605,0.9322,0.7,-1.0,0.3,-0.2322,185.4
10.1,2,0.9881,0.9398,0.7,-1.0,0.3,-0.2398,184.8
10.2,2,0.8731,0.9084,0.7,-1.0,0.3,-0.2084,187.3
10.3,2,0.9579,0.9355,0.7,-1.0,0.3,-0.2355,185.2
10.4,2,1.1573,0.9332,0.7,-1.0,0.3,-0.2332,185.3
10.5,2,0.9939,0.933,0.7,-1.0,0.3,-0.233,185.4
10.6,2,0.9638,0.9372,0.7,-1.0,0.3,-0.2372,185.0
10.7,2,0.9726,0.921,0.7,-1.0,0.3,-0.221,186.3
10.8,2,0.9147,0.9178,0.7,-1.0,0.3,-0.2178,186.6
10.9,2,0.9339,0.9231,0.7,-1.0,0.3,-0.2231,186.2
11.0,2,0.8111,0.9568,0.7,-1.0,0.3,-0.2568,183.5
11.1,2,0.8275,0.9314,0.7,-1.0,0.3,-0.2314,185.5
11.2,2,0.9925,0.9186,0.7,-1.0,0.3,-0.2186,186.5
11.3,2,0.8625,0.928,0.7,-1.0,0.3,-0.228,185.8
11.4,2,0.9696,0.9186,0.7,-1.0,0.3,-0.2186,186.5
11.5,2,0.9425,0.9201,0.7,-1.0,0.3,-0.2201,186.4
11.6,2,0.889,0.93,0.7,-1.0,0.3,-0.23,185.6
11.7,2,0.9612,0.9538,0.7,-1.0,0.3,-0.2538,183.7
11.8,2,0.9412,0.8988,0.7,-1.0,0.3,-0.1988,188.1
11.9,2,0.9809,0.9221,0.7,-1.0,0.3,-0.2221,186.2
12.0,3,0.5138,0.9203,0.7,1.1,0.3,0.8,0.0
12.1,3,0.3435,0.5267,0.7,1.084,0.3,0.784,0.0
12.2,3,0.1432,0.2772,0.7,1.068,0.3,0.768,0.0
12.3,3,0.0522,0.1576,0.7,1.052,0.3,0.752,0.0
12.4,3,0.0755,0.1126,0.7,1.036,0.3,0.736,0.0
12.5,3,0.5449,0.0361,0.7,1.02,0.3,0.72,210.0
12.6,3,0.6305,0.5153,0.7,1.004,0.3,0.704,134.0
12.7,3,0.2894,0.5504,0.7,0.988,0.3,0.688,0.0
12.8,3,0.1359,0.3336,0.7,0.972,0.3,0.672,0.0
12.9,3,0.1463,0.1836,0.7,0.956,0.3,0.656,0.0
13.0,3,0.0523,0.0887,0.7,0.94,0.3,0.64,0.0
13.1,3,0.431,0.017,0.7,0.924,0.3,0.624,210.0
13.2,3,0.4952,0.4895,0.7,0.908,0.3,0.608,134.0
13.3,3,0.2334,0.5897,0.7,0.892,0.3,0.592,0.0
13.4,3,0.1866,0.314,0.7,0.876,0.3,0.576,0.0
13.5,3,0.014,0.1961,0.7,0.86,0.3,0.56,0.0
13.6,3,0.0567,0.1141,0.7,0.844,0.3,0.544,0.0
13.7,3,0.5203,0.0443,0.7,0.828,0.3,0.528,210.0
13.8,3,0.5341,0.495,0.7,0.812,0.3,0.512,134.0
13.9,3,0.2961,0.571,0.7,0.796,0.3,0.496,0.0
14.0,3,0.2185,0.3206,0.7,0.78,0.3,0.48,0.0
14.1,3,0.0259,0.1978,0.7,0.764,0.3,0.464,0.0
14.2,3,0.0,0.1257,0.7,0.748,0.3,0.448,0.0
14.3,3,0.5279,0.0542,0.7,0.732,0.3,0.432,210.0
14.4,3,0.5328,0.4959,0.7,0.716,0.3,0.416,134.0
14.5,3,0.2897,0.5676,0.7,0.7,0.3,0.4,0.0
14.6,3,0.2298,0.3122,0.7,0.684,0.3,0.384,0.0
14.7,3,0.0585,0.1831,0.7,0.668,0.3,0.368,0.0
14.8,3,0.0745,0.1109,0.7,0.652,0.3,0.352,0.0
14.9,3,0.0692,0.0658,0.7,0.636,0.3,0.336,0.0
15.0,3,0.4451,0.0215,0.7,0.62,0.3,0.32,210.0
15.1,3,0.599,0.4877,0.7,0.604,0.3,0.304,134.0
15.2,3,0.322,0.5621,0.7,0.588,0.3,0.288,0.0
15.3,3,0.1409,0.3303,0.7,0.572,0.3,0.272,0.0
15.4,3,0.0866,0.1829,0.7,0.556,0.3,0.256,0.0
15.5,3,0.1212,0.0962,0.7,0.54,0.3,0.24,0.0
15.6,3,0.0798,0.0652,0.7,0.524,0.3,0.224,0.0
15.7,3,0.4798,0.0466,0.7,0.508,0.3,0.208,210.0
15.8,3,0.5436,0.4867,0.7,0.492,0.3,0.192,134.0
15.9,3,0.307,0.5661,0.7,0.476,0.3,0.176,0.0
16.0,3,0.212,0.316,0.7,0.46,0.3,0.16,0.0
16.1,3,0.2243,0.1665,0.7,0.444,0.3,0.144,0.0
16.2,3,0.0,0.0867,0.7,0.428,0.3,0.128,0.0
16.3,3,0.0785,0.0692,0.7,0.412,0.3,0.112,0.0
16.4,3,0.5162,0.0385,0.7,0.396,0.3,0.096,210.0
16.5,3,0.5084,0.4784,0.7,0.38,0.3,0.08,134.0
16.6,3,0.2742,0.5632,0.7,0.364,0.3,0.064,0.0
16.7,3,0.1675,0.3266,0.7,0.348,0.3,0.048,0.0
16.8,3,0.0795,0.1664,0.7,0.332,0.3,0.032,0.0
16.9,3,0.0215,0.1037,0.7,0.316,0.3,0.016,0.0
17.0,3,0.0456,0.0454,0.7,0.3,0.3,0.0,0.0
17.1,3,0.0,0.0339,0.7,0.3045,0.3,0.0045,0.0
17.2,3,0.0236,0.0117,0.7,0.3088,0.3,0.0088,0.0
17.3,3,0.0,0.0,0.7,0.3128,0.3,0.0128,0.0
17.4,3,0.0,0.0011,0.7,0.3164,0.3,0.0164,0.0
17.5,3,0.0982,0.0134,0.7,0.3195,0.3,0.0195,0.0
17.6,3,0.0001,0.02,0.7,0.322,0.3,0.022,0.0
17.7,3,0.0,0.0095,0.7,0.3238,0.3,0.0238,0.0
17.8,3,0.0,0.0095,0.7,0.3248,0.3,0.0248,0.0
17.9,3,0.0,0.0136,0.7,0.325,0.3,0.025,0.0
18.0,3,0.1017,0.0159,0.7,0.3244,0.3,0.0244,0.0
18.1,3,0.0338,0.0084,0.7,0.323,0.3,0.023,0.0
18.2,3,0.0,0.018,0.7,0.3209,0.3,0.0209,0.0
18.3,3,0.0105,0.0124,0.7,0.3181,0.3,0.0181,0.0
18.4,3,0.0,0.0109,0.7,0.3147,0.3,0.0147,0.0
18.5,3,0.0396,0.01,0.7,0.3108,0.3,0.0108,0.0
18.6,3,0.0673,0.0271,0.7,0.3067,0.3,0.0067,0.0
18.7,3,0.0,0.0355,0.7,0.3022,0.3,0.0022,0.0
18.8,3,0.0207,0.0202,0.7,0.2978,0.3,-0.0022,-0.2
18.9,3,0.0,0.036,0.7,0.2933,0.3,-0.0067,-0.5
19.0,3,0.0,0.0,0.7,0.2892,0.3,-0.0108,-0.9
19.1,3,0.0,0.0,0.7,0.2853,0.3,-0.0147,-1.2
19.2,3,0.0187,0.0006,0.7,0.2819,0.3,-0.0181,-1.4
19.3,3,0.1222,0.0137,0.7,0.2791,0.3,-0.0209,-1.7
19.4,3,0.0,0.021,0.7,0.277,0.3,-0.023,-1.8
19.5,3,0.0391,0.0,0.7,0.2756,0.3,-0.0244,-1.9
19.6,3,0.1194,0.0,0.7,0.275,0.3,-0.025,-2.0
19.7,3,0.0,0.0237,0.7,0.2752,0.3,-0.0248,-2.0
19.8,3,0.0907,0.0,0.7,0.2762,0.3,-0.0238,-1.9
19.9,3,0.0837,0.0081,0.7,0.278,0.3,-0.022,-1.8
20.0,3,0.0,0.0,0.7,0.2805,0.3,-0.0195,-1.6
20.1,3,0.0122,0.0095,0.7,0.2836,0.3,-0.0164,-1.3
20.2,3,0.0467,0.004,0.7,0.2872,0.3,-0.0128,-1.0
20.3,3,0.0008,0.0,0.7,0.2912,0.3,-0.0088,-0.7
20.4,3,0.0402,0.0108,0.7,0.2955,0.3,-0.0045,-0.4
20.5,3,0.0,0.0179,0.7,0.3,0.3,0.0,0.0
20.6,3,0.086,0.0,0.7,0.3045,0.3,0.0045,0.0
20.7,3,0.0,0.0133,0.7,0.3088,0.3,0.0088,0.0
20.8,3,0.0163,0.028,0.7,0.3128,0.3,0.0128,0.0
20.9,3,0.0134,0.0235,0.7,0.3164,0.3,0.0164,0.0
21.0,3,0.1147,0.0341,0.7,0.3195,0.3,0.0195,0.0
21.1,3,0.0676,0.0064,0.7,0.322,0.3,0.022,0.0
21.2,3,0.0915,0.0171,0.7,0.3238,0.3,0.0238,0.0
21.3,3,0.0505,0.0,0.7,0.3248,0.3,0.0248,0.0
21.4,3,0.0,0.022,0.7,0.325,0.3,0.025,0.0
21.5,3,0.0,0.0,0.7,0.3244,0.3,0.0244,0.0
21.6,3,0.0524,0.0061,0.7,0.323,0.3,0.023,0.0
21.7,3,0.0138,0.0274,0.7,0.3209,0.3,0.0209,0.0
21.8,3,0.0,0.0289,0.7,0.3181,0.3,0.0181,0.0
21.9,3,0.006,0.0,0.7,0.3147,0.3,0.0147,0.0
22.0,3,0.0074,0.014,0.7,0.3108,0.3,0.0108,0.0
22.1,3,0.004,0.0,0.7,0.3067,0.3,0.0067,0.0
22.2,3,0.0495,0.0,0.7,0.3022,0.3,0.0022,0.0
22.3,3,0.0,0.0137,0.7,0.2978,0.3,-0.0022,-0.2
22.4,3,0.0,0.0032,0.7,0.2933,0.3,-0.0067,-0.5
22.5,3,0.0666,0.0086,0.7,0.2892,0.3,-0.0108,-0.9
22.6,3,0.0395,0.0,0.7,0.2853,0.3,-0.0147,-1.2
22.7,3,0.0,0.0029,0.7,0.2819,0.3,-0.0181,-1.4
22.8,3,0.0,0.008,0.7,0.2791,0.3,-0.0209,-1.7
22.9,3,0.0,0.0026,0.7,0.277,0.3,-0.023,-1.8
23.0,3,0.0113,0.0328,0.7,0.2756,0.3,-0.0244,-1.9
23.1,3,0.022,0.0008,0.7,0.275,0.3,-0.025,-2.0
23.2,3,0.0,0.0078,0.7,0.2752,0.3,-0.0248,-2.0
23.3,3,0.0545,0.0165,0.7,0.2762,0.3,-0.0238,-1.9
23.4,3,0.0,0.0027,0.7,0.278,0.3,-0.022,-1.8
23.5,3,0.0,0.0058,0.7,0.2805,0.3,-0.0195,-1.6
23.6,3,0.091,0.0,0.7,0.2836,0.3,-0.0164,-1.3
23.7,3,0.0,0.0288,0.7,0.2872,0.3,-0.0128,-1.0
23.8,3,0.0277,0.0159,0.7,0.2912,0.3,-0.0088,-0.7
23.9,3,0.0762,0.0459,0.7,0.2955,0.3,-0.0045,-0.4
24.0,3,0.0,0.0075,0.7,0.3,0.3,0.0,0.0
24.1,3,0.0212,0.0,0.7,0.324,0.3,0.024,0.0
24.2,3,0.0,0.0,0.7,0.348,0.3,0.048,0.0
24.3,3,0.4013,0.0012,0.7,0.372,0.3,0.072,210.0
24.4,3,0.6083,0.4865,0.7,0.396,0.3,0.096,134.0
24.5,3,0.3998,0.5553,0.7,0.42,0.3,0.12,0.0
24.6,3,0.1225,0.3119,0.7,0.444,0.3,0.144,0.0
24.7,3,0.1299,0.1924,0.7,0.468,0.3,0.168,0.0
24.8,3,0.0432,0.0851,0.7,0.492,0.3,0.192,0.0
24.9,3,0.4088,0.0441,0.7,0.516,0.3,0.216,210.0
25.0,3,0.6842,0.5029,0.7,0.54,0.3,0.24,134.0
25.1,3,0.3528,0.5529,0.7,0.564,0.3,0.264,0.0
25.2,3,0.1494,0.3112,0.7,0.588,0.3,0.288,0.0
25.3,3,0.0482,0.1715,0.7,0.612,0.3,0.312,0.0
25.4,3,0.0062,0.1006,0.7,0.636,0.3,0.336,0.0
25.5,3,0.4895,0.0593,0.7,0.66,0.3,0.36,210.0
25.6,3,0.5156,0.4897,0.7,0.684,0.3,0.384,134.0
25.7,3,0.3646,0.5632,0.7,0.708,0.3,0.408,0.0
25.8,3,0.1201,0.3253,0.7,0.732,0.3,0.432,0.0
25.9,3,0.1452,0.18,0.7,0.756,0.3,0.456,0.0
26.0,3,0.0887,0.0801,0.7,0.78,0.3,0.48,0.0
26.1,3,0.5268,0.0481,0.7,0.804,0.3,0.504,210.0
26.2,3,0.4618,0.4834,0.7,0.828,0.3,0.528,134.0
26.3,3,0.3221,0.5506,0.7,0.852,0.3,0.552,0.0
26.4,3,0.1245,0.3224,0.7,0.876,0.3,0.576,0.0
26.5,3,0.0004,0.1865,0.7,0.9,0.3,0.6,0.0
26.6,3,0.0,0.0993,0.7,0.924,0.3,0.624,0.0
26.7,3,0.4954,0.0482,0.7,0.948,0.3,0.648,210.0
26.8,3,0.547,0.4822,0.7,0.972,0.3,0.672,134.0
26.9,3,0.2847,0.5822,0.7,0.996,0.3,0.696,0.0
27.0,3,0.111,0.3293,0.7,1.02,0.3,0.72,0.0
27.1,3,0.1866,0.1851,0.7,1.044,0.3,0.744,0.0
27.2,3,0.0083,0.0705,0.7,1.068,0.3,0.768,0.0
27.3,3,0.0192,0.063,0.7,1.092,0.3,0.792,0.0
27.4,3,0.4425,0.0359,0.7,1.116,0.3,0.816,210.0
27.5,3,0.553,0.4798,0.7,1.14,0.3,0.84,134.0
27.6,3,0.3302,0.5764,0.7,1.164,0.3,0.864,0.0
27.7,3,0.1516,0.319,0.7,1.188,0.3,0.888,0.0
27.8,2,0.0728,0.1705,0.7,-1.0,0.3,0.5295,0.0
27.9,2,0.03,0.1035,0.7,-1.0,0.3,0.5965,0.0
28.0,2,0.6167,0.0588,0.7,-1.0,0.3,0.6412,210.0
28.1,2,0.7387,0.5026,0.7,-1.0,0.3,0.1974,219.8
28.2,2,0.8354,0.7727,0.7,-1.0,0.3,-0.0727,198.2
28.3,2,0.8453,0.8354,0.7,-1.0,0.3,-0.1354,193.2
28.4,2,0.9019,0.8833,0.7,-1.0,0.3,-0.1833,189.3
28.5,2,1.0263,0.9232,0.7,-1.0,0.3,-0.2232,186.1
28.6,2,0.9129,0.9296,0.7,-1.0,0.3,-0.2296,185.6
28.7,2,0.7925,0.936,0.7,-1.0,0.3,-0.236,185.1
28.8,2,0.9723,0.9279,0.7,-1.0,0.3,-0.2279,185.8
28.9,2,0.9986,0.9083,0.7,-1.0,0.3,-0.2083,187.3
29.0,2,0.9028,0.934,0.7,-1.0,0.3,-0.234,185.3
29.1,2,1.0624,0.9353,0.7,-1.0,0.3,-0.2353,185.2
29.2,2,0.9414,0.9283,0.7,-1.0,0.3,-0.2283,185.7
29.3,2,0.877,0.921,0.7,-1.0,0.3,-0.221,186.3
29.4,2,0.8745,0.938,0.7,-1.0,0.3,-0.238,185.0
29.5,2,0.898,0.9267,0.7,-1.0,0.3,-0.2267,185.9
29.6,2,0.9461,0.9324,0.7,-1.0,0.3,-0.2324,185.4
29.7,2,0.8941,0.9385,0.7,-1.0,0.3,-0.2385,184.9
29.8,2,0.8682,0.9215,0.7,-1.0,0.3,-0.2215,186.3
29.9,2,0.9508,0.9216,0.7,-1.0,0.3,-0.2216,186.3
30.0,2,0.8708,0.9372,0.7,-1.0,0.3,-0.2372,185.0
30.1,2,1.0064,0.9365,0.7,-1.0,0.3,-0.2365,185.1
30.2,2,1.0382,0.93,0.7,-1.0,0.3,-0.23,185.6
30.3,2,0.8537,0.9163,0.7,-1.0,0.3,-0.2163,186.7
30.4,2,1.0213,0.907,0.7,-1.0,0.3,-0.207,187.4
30.5,2,0.9243,0.9394,0.7,-1.0,0.3,-0.2394,184.9
30.6,2,0.8593,0.931,0.7,-1.0,0.3,-0.231,185.5
30.7,2,0.9298,0.9562,0.7,-1.0,0.3,-0.2562,183.5
30.8,2,0.9686,0.9233,0.7,-1.0,0.3,-0.2233,186.1
30.9,2,0.9389,0.9309,0.7,-1.0,0.3,-0.2309,185.5
31.0,2,0.9566,0.916,0.7,-1.0,0.3,-0.216,186.7
31.1,2,1.0045,0.9509,0.7,-1.0,0.3,-0.2509,183.9
31.2,2,0.892,0.9429,0.7,-1.0,0.3,-0.2429,184.6
31.3,2,0.9201,0.9108,0.7,-1.0,0.3,-0.2108,187.1
31.4,2,0.993,0.9283,0.7,-1.0,0.3,-0.2283,185.7
31.5,2,1.0227,0.9071,0.7,-1.0,0.3,-0.2071,187.4
31.6,2,0.9035,0.9291,0.7,-1.0,0.3,-0.2291,185.7
31.7,2,0.8309,0.9169,0.7,-1.0,0.3,-0.2169,186.6
31.8,2,0.9311,0.9401,0.7,-1.0,0.3,-0.2401,184.8
31.9,2,0.8521,0.9112,0.7,-1.0,0.3,-0.2112,187.1
32.0,2,1.0292,0.9258,0.7,-1.0,0.3,-0.2258,185.9
32.1,2,0.8384,0.9259,0.7,-1.0,0.3,-0.2259,185.9
32.2,2,0.912,0.9256,0.7,-1.0,0.3,-0.2256,186.0
32.3,2,0.9302,0.896,0.7,-1.0,0.3,-0.196,188.3
32.4,2,0.972,0.9307,0.7,-1.0,0.3,-0.2307,185.5
32.5,2,0.9922,0.9524,0.7,-1.0,0.3,-0.2524,183.8
32.6,2,0.8605,0.9213,0.7,-1.0,0.3,-0.2213,186.3
32.7,2,0.9253,0.9578,0.7,-1.0,0.3,-0.2578,183.4
32.8,2,0.9238,0.9219,0.7,-1.0,0.3,-0.2219,186.2
32.9,2,0.9175,0.9276,0.7,-1.0,0.3,-0.2276,185.8
33.0,2,0.8953,0.9192,0.7,-1.0,0.3,-0.2192,186.5
33.1,2,0.8951,0.9277,0.7,-1.0,0.3,-0.2277,185.8
33.2,2,0.9354,0.9192,0.7,-1.0,0.3,-0.2192,186.5
33.3,2,1.0188,0.926,0.7,-1.0,0.3,-0.226,185.9
33.4,2,0.9989,0.8967,0.7,-1.0,0.3,-0.1967,188.3
33.5,2,0.8027,0.9484,0.7,-1.0,0.3,-0.2484,184.1
33.6,2,0.9057,0.923,0.7,-1.0,0.3,-0.223,186.2
33.7,2,0.8839,0.9111,0.7,-1.0,0.3,-0.2111,187.1
33.8,2,1.0361,0.9173,0.7,-1.0,0.3,-0.2173,186.6
33.9,2,1.0031,0.9422,0.7,-1.0,0.3,-0.2422,184.6
34.0,2,0.8579,0.9354,0.7,-1.0,0.3,-0.2354,185.2
34.1,2,0.9572,0.9193,0.7,-1.0,0.3,-0.2193,186.5
34.2,2,0.9729,0.9132,0.7,-1.0,0.3,-0.2132,186.9
34.3,2,0.9065,0.9272,0.7,-1.0,0.3,-0.2272,185.8
34.4,2,0.9531,0.9375,0.7,-1.0,0.3,-0.2375,185.0
34.5,2,0.9974,0.9222,0.7,-1.0,0.3,-0.2222,186.2
34.6,2,0.9668,0.9148,0.7,-1.0,0.3,-0.2148,186.8
34.7,2,0.9085,0.9369,0.7,-1.0,0.3,-0.2369,185.0
34.8,2,0.8515,0.931,0.7,-1.0,0.3,-0.231,185.5
34.9,2,0.914,0.9377,0.7,-1.0,0.3,-0.2377,185.0
