#correcteur=PD,Kp=80,Ki=0,Kd=8,FF=204.0,Vc=0.7
t_s,mode,vitesse_freq_ms,vitesse_periode_ms,consigne_vitesse_ms,distance_m,consigne_dist_m,erreur_m,commande_pwm
0.0,2,0.4934,0.0,0.7,-1.0,0.3,0.7,210.0
0.1,2,0.7053,0.4754,0.7,-1.0,0.3,0.2246,183.9
0.2,2,0.743,0.6741,0.7,-1.0,0.3,0.0259,190.2
0.3,2,0.95,0.7714,0.7,-1.0,0.3,-0.0714,190.5
0.4,2,0.8722,0.856,0.7,-1.0,0.3,-0.156,184.7
0.5,2,0.9343,0.9032,0.7,-1.0,0.3,-0.2032,184.0
0.6,2,1.0456,0.9064,0.7,-1.0,0.3,-0.2064,187.2
0.7,2,0.9796,0.908,0.7,-1.0,0.3,-0.208,187.2
0.8,2,0.9391,0.9246,0.7,-1.0,0.3,-0.2246,184.7
0.9,2,0.95,0.9414,0.7,-1.0,0.3,-0.2414,183.4
1.0,2,0.9903,0.926,0.7,-1.0,0.3,-0.226,187.1
1.1,2,0.878,0.9216,0.7,-1.0,0.3,-0.2216,186.6
1.2,2,0.813,0.9158,0.7,-1.0,0.3,-0.2158,187.2
1.3,2,0.8512,0.9557,0.7,-1.0,0.3,-0.2557,180.4
1.4,2,0.9146,0.9148,0.7,-1.0,0.3,-0.2148,190.1
1.5,2,0.9736,0.9349,0.7,-1.0,0.3,-0.2349,183.6
1.6,2,0.8895,0.935,0.7,-1.0,0.3,-0.235,185.2
1.7,2,0.9458,0.9225,0.7,-1.0,0.3,-0.2225,187.2
1.8,2,1.0243,0.9258,0.7,-1.0,0.3,-0.2258,185.7
1.9,2,0.9692,0.9338,0.7,-1.0,0.3,-0.2338,184.7
2.0,2,0.9957,0.9331,0.7,-1.0,0.3,-0.2331,185.4
2.1,2,0.8494,0.9274,0.7,-1.0,0.3,-0.2274,186.3
2.2,2,0.8866,0.932,0.7,-1.0,0.3,-0.232,185.1
2.3,2,0.9652,0.9193,0.7,-1.0,0.3,-0.2193,187.5
2.4,2,0.9226,0.9449,0.7,-1.0,0.3,-0.2449,182.4
2.5,2,1.03,0.925,0.7,-1.0,0.3,-0.225,187.6
2.6,2,1.0822,0.9308,0.7,-1.0,0.3,-0.2308,185.1
2.7,2,0.8197,0.9328,0.7,-1.0,0.3,-0.2328,185.2
2.8,2,0.9476,0.9344,0.7,-1.0,0.3,-0.2344,185.1
2.9,2,0.963,0.9402,0.7,-1.0,0.3,-0.2402,184.3
3.0,2,0.8558,0.921,0.7,-1.0,0.3,-0.221,187.9
3.1,2,0.8765,0.9267,0.7,-1.0,0.3,-0.2267,185.4
3.2,2,0.9651,0.9206,0.7,-1.0,0.3,-0.2206,186.8
3.3,2,0.9433,0.9498,0.7,-1.0,0.3,-0.2498,181.7
3.4,2,0.9614,0.9053,0.7,-1.0,0.3,-0.2053,191.1
3.5,2,0.8834,0.9491,0.7,-1.0,0.3,-0.2491,180.6
3.6,2,0.9311,0.9184,0.7,-1.0,0.3,-0.2184,189.0
3.7,2,0.9686,0.9208,0.7,-1.0,0.3,-0.2208,186.1
3.8,2,0.9524,0.9283,0.7,-1.0,0.3,-0.2283,185.1
3.9,2,0.905,0.9166,0.7,-1.0,0.3,-0.2166,187.6
4.0,2,0.9009,0.9399,0.7,-1.0,0.3,-0.2399,182.9
4.1,2,0.8975,0.944,0.7,-1.0,0.3,-0.244,184.2
4.2,2,0.9841,0.9241,0.7,-1.0,0.3,-0.2241,187.7
4.3,2,0.8273,0.9111,0.7,-1.0,0.3,-0.2111,188.2
4.4,2,1.0079,0.9146,0.7,-1.0,0.3,-0.2146,186.5
4.5,2,1.082,0.9255,0.7,-1.0,0.3,-0.2255,185.1
4.6,2,0.9407,0.9217,0.7,-1.0,0.3,-0.2217,186.6
4.7,2,1.0407,0.9482,0.7,-1.0,0.3,-0.2482,182.0
4.8,2,0.9934,0.9451,0.7,-1.0,0.3,-0.2451,184.6
4.9,2,0.9604,0.9332,0.7,-1.0,0.3,-0.2332,186.3
5.0,2,0.8915,0.9342,0.7,-1.0,0.3,-0.2342,185.2
5.1,2,0.9312,0.9148,0.7,-1.0,0.3,-0.2148,188.4
5.2,2,0.8995,0.9294,0.7,-1.0,0.3,-0.2294,184.5
5.3,2,0.982,0.9351,0.7,-1.0,0.3,-0.2351,184.7
5.4,2,1.0165,0.9257,0.7,-1.0,0.3,-0.2257,186.7
5.5,2,0.9204,0.9141,0.7,-1.0,0.3,-0.2141,187.8
5.6,2,0.817,0.9234,0.7,-1.0,0.3,-0.2234,185.4
5.7,2,0.9201,0.928,0.7,-1.0,0.3,-0.228,185.4
5.8,2,0.959,0.9455,0.7,-1.0,0.3,-0.2455,183.0
5.9,2,1.0448,0.9088,0.7,-1.0,0.3,-0.2088,190.2
6.0,2,0.9552,0.9482,0.7,-1.0,0.3,-0.2482,181.0
6.1,2,0.873,0.9176,0.7,-1.0,0.3,-0.2176,189.1
6.2,2,0.9932,0.9261,0.7,-1.0,0.3,-0.2261,185.2
6.3,2,1.0119,0.9505,0.7,-1.0,0.3,-0.2505,182.0
6.4,2,0.8646,0.9134,0.7,-1.0,0.3,-0.2134,189.9
6.5,2,0.8192,0.9335,0.7,-1.0,0.3,-0.2335,183.7
6.6,2,0.9178,0.9291,0.7,-1.0,0.3,-0.2291,186.0
6.7,2,0.8338,0.9211,0.7,-1.0,0.3,-0.2211,187.0
6.8,2,0.8926,0.9357,0.7,-1.0,0.3,-0.2357,184.0
6.9,2,0.7609,0.9105,0.7,-1.0,0.3,-0.2105,189.2
7.0,2,1.0321,0.9329,0.7,-1.0,0.3,-0.2329,183.6
7.1,2,0.8936,0.9457,0.7,-1.0,0.3,-0.2457,183.3
7.2,2,0.9599,0.9138,0.7,-1.0,0.3,-0.2138,189.5
7.3,2,0.9482,0.9198,0.7,-1.0,0.3,-0.2198,185.9
7.4,2,0.997,0.9393,0.7,-1.0,0.3,-0.2393,183.3
7.5,2,0.9169,0.9222,0.7,-1.0,0.3,-0.2222,187.6
7.6,2,0.8809,0.9185,0.7,-1.0,0.3,-0.2185,186.8
7.7,2,0.9495,0.9278,0.7,-1.0,0.3,-0.2278,185.0
7.8,2,0.8754,0.9384,0.7,-1.0,0.3,-0.2384,184.1
7.9,2,0.906,0.9415,0.7,-1.0,0.3,-0.2415,184.4
8.0,2,0.8841,0.922,0.7,-1.0,0.3,-0.222,187.8
8.1,2,0.99,0.8998,0.7,-1.0,0.3,-0.1998,189.8
8.2,2,0.9046,0.9458,0.7,-1.0,0.3,-0.2458,180.7
8.3,2,0.9601,0.9222,0.7,-1.0,0.3,-0.2222,188.1
8.4,2,0.9017,0.9104,0.7,-1.0,0.3,-0.2104,188.1
8.5,2,0.847,0.943,0.7,-1.0,0.3,-0.243,182.0
8.6,2,0.8464,0.9258,0.7,-1.0,0.3,-0.2258,187.3
8.7,2,0.9231,0.9334,0.7,-1.0,0.3,-0.2334,184.7
8.8,2,1.0047,0.9059,0.7,-1.0,0.3,-0.2059,189.7
8.9,2,0.8796,0.926,0.7,-1.0,0.3,-0.226,184.3
9.0,2,0.9954,0.9307,0.7,-1.0,0.3,-0.2307,185.2
9.1,2,0.9358,0.9143,0.7,-1.0,0.3,-0.2143,188.2
9.2,2,0.9658,0.9372,0.7,-1.0,0.3,-0.2372,183.2
9.3,2,0.9057,0.9264,0.7,-1.0,0.3,-0.2264,186.8
9.4,2,0.9359,0.9178,0.7,-1.0,0.3,-0.2178,187.3
9.5,2,0.7556,0.9179,0.7,-1.0,0.3,-0.2179,186.6
9.6,2,0.9789,0.9362,0.7,-1.0,0.3,-0.2362,183.6
9.7,2,0.8777,0.8963,0.7,-1.0,0.3,-0.1963,191.5
9.8,2,1.045,0.9457,0.7,-1.0,0.3,-0.2457,180.4
9.9,2,0.8856,0.9218,0.7,-1.0,0.3,-0.2218,188.2
10.0,2,1.0101,0.9271,0.7,-1.0,0.3,-0.2271,185.4
10.1,2,0.8822,0.9198,0.7,-1.0,0.3,-0.2198,187.0
10.2,2,0.8715,0.9243,0.7,-1.0,0.3,-0.2243,185.7
10.3,2,1.0241,0.9301,0.7,-1.0,0.3,-0.2301,185.1
10.4,2,0.9112,0.9305,0.7,-1.0,0.3,-0.2305,185.5
10.5,2,0.8352,0.9228,0.7,-1.0,0.3,-0.2228,186.8
10.6,2,0.9185,0.9395,0.7,-1.0,0.3,-0.2395,183.5
10.7,2,1.121,0.921,0.7,-1.0,0.3,-0.221,187.8
10.8,2,0.8803,0.933,0.7,-1.0,0.3,-0.233,184.4
10.9,2,0.9987,0.9203,0.7,-1.0,0.3,-0.2203,187.4
11.0,2,0.8399,0.9311,0.7,-1.0,0.3,-0.2311,184.6
11.1,2,0.8838,0.9372,0.7,-1.0,0.3,-0.2372,184.5
11.2,2,0.9853,0.9464,0.7,-1.0,0.3,-0.2464,183.6
11.3,2,1.008,0.9151,0.7,-1.0,0.3,-0.2151,189.3
11.4,2,0.9769,0.932,0.7,-1.0,0.3,-0.232,184.1
11.5,2,0.875,0.9316,0.7,-1.0,0.3,-0.2316,185.5
11.6,2,0.9923,0.9181,0.7,-1.0,0.3,-0.2181,187.6
11.7,2,0.9036,0.9265,0.7,-1.0,0.3,-0.2265,185.2
11.8,2,0.9568,0.9164,0.7,-1.0,0.3,-0.2164,187.5
11.9,2,0.8535,0.9561,0.7,-1.0,0.3,-0.2561,180.3
12.0,3,0.5986,0.9179,0.7,1.1,0.3,0.8,0.0
12.1,3,0.3149,0.5129,0.7,1.084,0.3,0.784,0.0
12.2,3,0.1868,0.275,0.7,1.068,0.3,0.768,0.0
12.3,3,0.1494,0.1589,0.7,1.052,0.3,0.752,0.0
12.4,3,0.2059,0.1045,0.7,1.036,0.3,0.736,0.0
12.5,3,0.509,0.0575,0.7,1.02,0.3,0.72,210.0
12.6,3,0.5472,0.4918,0.7,1.004,0.3,0.704,134.0
12.7,3,0.3006,0.5724,0.7,0.988,0.3,0.688,0.0
12.8,3,0.2573,0.3203,0.7,0.972,0.3,0.672,0.0
12.9,3,0.1682,0.1662,0.7,0.956,0.3,0.656,0.0
13.0,3,0.0488,0.1156,0.7,0.94,0.3,0.64,0.0
13.1,3,0.456,0.0304,0.7,0.924,0.3,0.624,210.0
13.2,3,0.5687,0.508,0.7,0.908,0.3,0.608,134.0
13.3,3,0.2889,0.5581,0.7,0.892,0.3,0.592,0.0
13.4,3,0.2116,0.3293,0.7,0.876,0.3,0.576,0.0
13.5,3,0.0781,0.1759,0.7,0.86,0.3,0.56,0.0
13.6,3,0.0007,0.0954,0.7,0.844,0.3,0.544,0.0
13.7,3,0.0121,0.0754,0.7,0.828,0.3,0.528,0.0
13.8,3,0.57,0.046,0.7,0.812,0.3,0.512,210.0
13.9,3,0.5365,0.4907,0.7,0.796,0.3,0.496,134.0
14.0,3,0.3135,0.5672,0.7,0.78,0.3,0.48,0.0
14.1,3,0.1958,0.3041,0.7,0.764,0.3,0.464,0.0
14.2,3,0.17,0.1622,0.7,0.748,0.3,0.448,0.0
14.3,3,0.0674,0.0932,0.7,0.732,0.3,0.432,0.0
14.4,3,0.4766,0.0587,0.7,0.716,0.3,0.416,210.0
14.5,3,0.5414,0.4992,0.7,0.7,0.3,0.4,134.0
14.6,3,0.2384,0.5803,0.7,0.684,0.3,0.384,0.0
14.7,3,0.295,0.3206,0.7,0.668,0.3,0.368,0.0
14.8,3,0.0594,0.1667,0.7,0.652,0.3,0.352,0.0
14.9,3,0.0668,0.1062,0.7,0.636,0.3,0.336,0.0
15.0,3,0.0607,0.0603,0.7,0.62,0.3,0.32,0.0
15.1,3,0.5453,0.039,0.7,0.604,0.3,0.304,210.0
15.2,3,0.5479,0.4837,0.7,0.588,0.3,0.288,134.0
15.3,3,0.4289,0.5704,0.7,0.572,0.3,0.272,0.0
15.4,3,0.1179,0.3133,0.7,0.556,0.3,0.256,0.0
15.5,3,0.0915,0.1896,0.7,0.54,0.3,0.24,0.0
15.6,3,0.1062,0.0727,0.7,0.524,0.3,0.224,0.0
15.7,3,0.4867,0.0489,0.7,0.508,0.3,0.208,210.0
15.8,3,0.5813,0.4961,0.7,0.492,0.3,0.192,134.0
15.9,3,0.293,0.5784,0.7,0.476,0.3,0.176,0.0
16.0,3,0.1631,0.3253,0.7,0.46,0.3,0.16,0.0
16.1,3,0.137,0.1876,0.7,0.444,0.3,0.144,0.0
16.2,3,0.1212,0.0889,0.7,0.428,0.3,0.128,0.0
16.3,3,0.541,0.0496,0.7,0.412,0.3,0.112,210.0
16.4,3,0.6804,0.497,0.7,0.396,0.3,0.096,134.0
16.5,3,0.2983,0.5674,0.7,0.38,0.3,0.08,0.0
16.6,3,0.1606,0.319,0.7,0.364,0.3,0.064,0.0
16.7,3,0.0031,0.1884,0.7,0.348,0.3,0.048,0.0
16.8,3,0.0,0.0875,0.7,0.332,0.3,0.032,0.0
16.9,3,0.1587,0.0675,0.7,0.316,0.3,0.016,-0.0
17.0,3,0.0458,0.0548,0.7,0.3,0.3,0.0,-1.3
17.1,3,0.101,0.0568,0.7,0.3045,0.3,0.0045,0.0
17.2,3,0.0318,0.0202,0.7,0.3088,0.3,0.0088,0.0
17.3,3,0.0399,0.0292,0.7,0.3128,0.3,0.0128,0.0
17.4,3,0.0699,0.0121,0.7,0.3164,0.3,0.0164,0.0
17.5,3,0.0505,0.0,0.7,0.3195,0.3,0.0195,0.0
17.6,3,0.0,0.002,0.7,0.322,0.3,0.022,0.0
17.7,3,0.0922,0.016,0.7,0.3238,0.3,0.0238,0.0
17.8,3,0.067,0.0082,0.7,0.3248,0.3,0.0248,0.0
17.9,3,0.0887,0.0292,0.7,0.325,0.3,0.025,0.0
18.0,3,0.0544,0.0295,0.7,0.3244,0.3,0.0244,0.0
18.1,3,0.0,0.0107,0.7,0.323,0.3,0.023,0.0
18.2,3,0.0,0.0069,0.7,0.3209,0.3,0.0209,0.0
18.3,3,0.0,0.0359,0.7,0.3181,0.3,0.0181,0.0
18.4,3,0.0429,0.0113,0.7,0.3147,0.3,0.0147,0.0
18.5,3,0.1115,0.0103,0.7,0.3108,0.3,0.0108,0.0
18.6,3,0.0215,0.0024,0.7,0.3067,0.3,0.0067,0.0
18.7,3,0.0,0.0009,0.7,0.3022,0.3,0.0022,-0.2
18.8,3,0.0076,0.0025,0.7,0.2978,0.3,-0.0022,-0.5
18.9,3,0.0,0.0047,0.7,0.2933,0.3,-0.0067,-0.9
19.0,3,0.0048,0.0,0.7,0.2892,0.3,-0.0108,-1.2
19.1,3,0.0554,0.0,0.7,0.2853,0.3,-0.0147,-1.5
19.2,3,0.0,0.0107,0.7,0.2819,0.3,-0.0181,-1.7
19.3,3,0.0,0.006,0.7,0.2791,0.3,-0.0209,-1.9
19.4,3,0.0901,0.0135,0.7,0.277,0.3,-0.023,-2.0
19.5,3,0.0165,0.0,0.7,0.2756,0.3,-0.0244,-2.1
19.6,3,0.0499,0.0077,0.7,0.275,0.3,-0.025,-2.0
19.7,3,0.0,0.0121,0.7,0.2752,0.3,-0.0248,-2.0
19.8,3,0.0,0.0057,0.7,0.2762,0.3,-0.0238,-1.8
19.9,3,0.0108,0.0224,0.7,0.278,0.3,-0.022,-1.6
20.0,3,0.0058,0.0323,0.7,0.2805,0.3,-0.0195,-1.4
20.1,3,0.0,0.001,0.7,0.2836,0.3,-0.0164,-1.1
20.2,3,0.0,0.0,0.7,0.2872,0.3,-0.0128,-0.7
20.3,3,0.04,0.0127,0.7,0.2912,0.3,-0.0088,-0.4
20.4,3,0.0631,0.0,0.7,0.2955,0.3,-0.0045,-0.0
20.5,3,0.0182,0.0036,0.7,0.3,0.3,0.0,0.0
20.6,3,0.0633,0.0288,0.7,0.3045,0.3,0.0045,0.0
20.7,3,0.0,0.0062,0.7,0.3088,0.3,0.0088,0.0
20.8,3,0.0,0.0,0.7,0.3128,0.3,0.0128,0.0
20.9,3,0.0,0.0069,0.7,0.3164,0.3,0.0164,0.0
21.0,3,0.0141,0.0079,0.7,0.3195,0.3,0.0195,0.0
21.1,3,0.0,0.0067,0.7,0.322,0.3,0.022,0.0
21.2,3,0.036,0.0115,0.7,0.3238,0.3,0.0238,0.0
21.3,3,0.0941,0.0,0.7,0.3248,0.3,0.0248,0.0
21.4,3,0.0106,0.0083,0.7,0.325,0.3,0.025,0.0
21.5,3,0.0234,0.0179,0.7,0.3244,0.3,0.0244,0.0
21.6,3,0.0267,0.0209,0.7,0.323,0.3,0.023,0.0
21.7,3,0.0311,0.0021,0.7,0.3209,0.3,0.0209,0.0
21.8,3,0.016,0.0,0.7,0.3181,0.3,0.0181,0.0
21.9,3,0.0,0.009,0.7,0.3147,0.3,0.0147,0.0
22.0,3,0.0,0.0079,0.7,0.3108,0.3,0.0108,0.0
22.1,3,0.015,0.0029,0.7,0.3067,0.3,0.0067,0.0
22.2,3,0.0,0.0114,0.7,0.3022,0.3,0.0022,-0.2
22.3,3,0.0,0.0246,0.7,0.2978,0.3,-0.0022,-0.5
22.4,3,0.035,0.0211,0.7,0.2933,0.3,-0.0067,-0.9
22.5,3,0.1159,0.0017,0.7,0.2892,0.3,-0.0108,-1.2
22.6,3,0.0645,0.0,0.7,0.2853,0.3,-0.0147,-1.5
22.7,3,0.0,0.0214,0.7,0.2819,0.3,-0.0181,-1.7
22.8,3,0.0,0.0261,0.7,0.2791,0.3,-0.0209,-1.9
22.9,3,0.0249,0.0128,0.7,0.277,0.3,-0.023,-2.0
23.0,3,0.0579,0.0077,0.7,0.2756,0.3,-0.0244,-2.1
23.1,3,0.0,0.0188,0.7,0.275,0.3,-0.025,-2.0
23.2,3,0.0,0.0249,0.7,0.2752,0.3,-0.0248,-2.0
23.3,3,0.0768,0.0216,0.7,0.2762,0.3,-0.0238,-1.8
23.4,3,0.0,0.0,0.7,0.278,0.3,-0.022,-1.6
23.5,3,0.0,0.0,0.7,0.2805,0.3,-0.0195,-1.4
23.6,3,0.0559,0.0054,0.7,0.2836,0.3,-0.0164,-1.1
23.7,3,0.0928,0.0248,0.7,0.2872,0.3,-0.0128,-0.7
23.8,3,0.0,0.0023,0.7,0.2912,0.3,-0.0088,-0.4
23.9,3,0.0,0.0,0.7,0.2955,0.3,-0.0045,-0.0
24.0,3,0.106,0.0207,0.7,0.3,0.3,0.0,0.0
24.1,3,0.0,0.0,0.7,0.324,0.3,0.024,0.0
24.2,3,0.4831,0.0088,0.7,0.348,0.3,0.048,210.0
24.3,3,0.5808,0.4565,0.7,0.372,0.3,0.072,134.0
24.4,3,0.3101,0.5497,0.7,0.396,0.3,0.096,0.0
24.5,3,0.1746,0.3176,0.7,0.42,0.3,0.12,0.0
24.6,3,0.091,0.1689,0.7,0.444,0.3,0.144,0.0
24.7,3,0.0324,0.0965,0.7,0.468,0.3,0.168,0.0
24.8,3,0.5877,0.0515,0.7,0.492,0.3,0.192,210.0
24.9,3,0.5519,0.4985,0.7,0.516,0.3,0.216,134.0
25.0,3,0.299,0.578,0.7,0.54,0.3,0.24,0.0
25.1,3,0.2008,0.3331,0.7,0.564,0.3,0.264,0.0
25.2,3,0.1269,0.1774,0.7,0.588,0.3,0.288,0.0
25.3,3,0.0,0.0812,0.7,0.612,0.3,0.312,0.0
25.4,3,0.5011,0.0417,0.7,0.636,0.3,0.336,210.0
25.5,3,0.704,0.5133,0.7,0.66,0.3,0.36,134.0
25.6,3,0.3493,0.5778,0.7,0.684,0.3,0.384,0.0
25.7,3,0.1462,0.2976,0.7,0.708,0.3,0.408,0.0
25.8,3,0.0629,0.1693,0.7,0.732,0.3,0.432,0.0
25.9,3,0.0277,0.0981,0.7,0.756,0.3,0.456,0.0
26.0,3,0.5374,0.0323,0.7,0.78,0.3,0.48,210.0
26.1,3,0.5845,0.4797,0.7,0.804,0.3,0.504,134.0
26.2,3,0.2641,0.595,0.7,0.828,0.3,0.528,0.0
26.3,3,0.1616,0.2889,0.7,0.852,0.3,0.552,0.0
26.4,3,0.2176,0.192,0.7,0.876,0.3,0.576,0.0
26.5,3,0.0859,0.0854,0.7,0.9,0.3,0.6,0.0
26.6,3,0.4862,0.0505,0.7,0.924,0.3,0.624,210.0
26.7,3,0.4799,0.5243,0.7,0.948,0.3,0.648,134.0
26.8,3,0.3473,0.5732,0.7,0.972,0.3,0.672,0.0
26.9,3,0.1847,0.3323,0.7,0.996,0.3,0.696,0.0
27.0,3,0.0766,0.1825,0.7,1.02,0.3,0.72,0.0
27.1,3,0.0355,0.1034,0.7,1.044,0.3,0.744,0.0
27.2,3,0.0092,0.0635,0.7,1.068,0.3,0.768,0.0
27.3,3,0.477,0.0359,0.7,1.092,0.3,0.792,210.0
27.4,3,0.5593,0.4923,0.7,1.116,0.3,0.816,134.0
27.5,3,0.3906,0.5411,0.7,1.14,0.3,0.84,0.0
27.6,3,0.1371,0.3041,0.7,1.164,0.3,0.864,0.0
27.7,3,0.1812,0.1692,0.7,1.188,0.3,0.888,0.0
27.8,2,0.2436,0.0731,0.7,-1.0,0.3,0.6269,0.0
27.9,2,0.0444,0.068,0.7,-1.0,0.3,0.632,0.0
28.0,2,0.4957,0.0303,0.7,-1.0,0.3,0.6697,210.0
28.1,2,0.7127,0.4848,0.7,-1.0,0.3,0.2152,184.9
28.2,2,0.7998,0.6806,0.7,-1.0,0.3,0.0194,189.9
28.3,2,0.848,0.792,0.7,-1.0,0.3,-0.092,187.7
28.4,2,0.9578,0.8548,0.7,-1.0,0.3,-0.1548,186.6
28.5,2,0.7279,0.8969,0.7,-1.0,0.3,-0.1969,184.9
28.6,2,0.9261,0.9122,0.7,-1.0,0.3,-0.2122,185.8
28.7,2,0.8988,0.9142,0.7,-1.0,0.3,-0.2142,186.7
28.8,2,0.9761,0.9356,0.7,-1.0,0.3,-0.2356,183.4
28.9,2,0.9548,0.91,0.7,-1.0,0.3,-0.21,189.3
29.0,2,0.8463,0.9187,0.7,-1.0,0.3,-0.2187,185.8
29.1,2,0.9806,0.9215,0.7,-1.0,0.3,-0.2215,186.1
29.2,2,0.9534,0.9403,0.7,-1.0,0.3,-0.2403,183.3
29.3,2,0.9566,0.9313,0.7,-1.0,0.3,-0.2313,186.2
29.4,2,0.9563,0.9179,0.7,-1.0,0.3,-0.2179,187.6
29.5,2,0.9682,0.94,0.7,-1.0,0.3,-0.24,183.0
29.6,2,0.9662,0.9372,0.7,-1.0,0.3,-0.2372,185.2
29.7,2,0.9911,0.9279,0.7,-1.0,0.3,-0.2279,186.5
29.8,2,0.8746,0.9265,0.7,-1.0,0.3,-0.2265,186.0
29.9,2,0.8833,0.9255,0.7,-1.0,0.3,-0.2255,186.0
30.0,2,0.9214,0.9198,0.7,-1.0,0.3,-0.2198,186.9
30.1,2,0.9115,0.9205,0.7,-1.0,0.3,-0.2205,186.3
30.2,2,0.9475,0.9072,0.7,-1.0,0.3,-0.2072,188.5
30.3,2,0.8763,0.9347,0.7,-1.0,0.3,-0.2347,183.0
30.4,2,0.9817,0.9333,0.7,-1.0,0.3,-0.2333,185.5
30.5,2,0.889,0.9062,0.7,-1.0,0.3,-0.2062,189.7
30.6,2,0.8721,0.9256,0.7,-1.0,0.3,-0.2256,184.4
30.7,2,0.9122,0.9384,0.7,-1.0,0.3,-0.2384,183.9
30.8,2,0.8095,0.9206,0.7,-1.0,0.3,-0.2206,187.8
30.9,2,0.8496,0.9373,0.7,-1.0,0.3,-0.2373,183.7
31.0,2,0.9448,0.9247,0.7,-1.0,0.3,-0.2247,187.0
31.1,2,0.8428,0.9445,0.7,-1.0,0.3,-0.2445,182.9
31.2,2,0.9529,0.8851,0.7,-1.0,0.3,-0.1851,193.9
31.3,2,0.9897,0.9635,0.7,-1.0,0.3,-0.2635,176.7
31.4,2,0.9008,0.9179,0.7,-1.0,0.3,-0.2179,190.2
31.5,2,0.8645,0.94,0.7,-1.0,0.3,-0.24,183.0
31.6,2,0.957,0.9287,0.7,-1.0,0.3,-0.2287,186.6
31.7,2,1.0886,0.9394,0.7,-1.0,0.3,-0.2394,184.0
31.8,2,0.8964,0.9277,0.7,-1.0,0.3,-0.2277,186.7
31.9,2,0.8213,0.9266,0.7,-1.0,0.3,-0.2266,186.0
32.0,2,0.9056,0.9191,0.7,-1.0,0.3,-0.2191,187.1
32.1,2,0.9379,0.9239,0.7,-1.0,0.3,-0.2239,185.7
32.2,2,0.9978,0.9189,0.7,-1.0,0.3,-0.2189,186.9
32.3,2,0.926,0.9305,0.7,-1.0,0.3,-0.2305,184.6
32.4,2,0.9385,0.9226,0.7,-1.0,0.3,-0.2226,186.8
32.5,2,0.8714,0.939,0.7,-1.0,0.3,-0.239,183.6
32.6,2,0.9132,0.9155,0.7,-1.0,0.3,-0.2155,188.6
32.7,2,0.8827,0.9152,0.7,-1.0,0.3,-0.2152,186.8
32.8,2,0.9806,0.9261,0.7,-1.0,0.3,-0.2261,185.0
32.9,2,0.9378,0.9313,0.7,-1.0,0.3,-0.2313,185.1
33.0,2,0.916,0.9364,0.7,-1.0,0.3,-0.2364,184.7
33.1,2,0.9205,0.9289,0.7,-1.0,0.3,-0.2289,186.3
33.2,2,0.8914,0.9299,0.7,-1.0,0.3,-0.2299,185.5
33.3,2,0.9298,0.8971,0.7,-1.0,0.3,-0.1971,190.8
33.4,2,0.9738,0.955,0.7,-1.0,0.3,-0.255,179.0
33.5,2,1.0004,0.9299,0.7,-1.0,0.3,-0.2299,187.6
33.6,2,0.9391,0.9273,0.7,-1.0,0.3,-0.2273,186.0
33.7,2,0.911,0.9198,0.7,-1.0,0.3,-0.2198,187.0
33.8,2,0.9962,0.9373,0.7,-1.0,0.3,-0.2373,183.6
33.9,2,0.902,0.9223,0.7,-1.0,0.3,-0.2223,187.4
34.0,2,0.9629,0.929,0.7,-1.0,0.3,-0.229,185.1
34.1,2,0.7959,0.9095,0.7,-1.0,0.3,-0.2095,188.8
34.2,2,0.8546,0.927,0.7,-1.0,0.3,-0.227,184.4
34.3,2,0.9207,0.9218,0.7,-1.0,0.3,-0.2218,186.7
34.4,2,1.0159,0.9241,0.7,-1.0,0.3,-0.2241,185.9
34.5,2,0.9438,0.9327,0.7,-1.0,0.3,-0.2327,184.7
34.6,2,0.857,0.9332,0.7,-1.0,0.3,-0.2332,185.3
34.7,2,0.9191,0.9378,0.7,-1.0,0.3,-0.2378,184.6
34.8,2,0.8613,0.9316,0.7,-1.0,0.3,-0.2316,186.0
34.9,2,0.9834,0.907,0.7,-1.0,0.3,-0.207,189.4
