#correcteur=PD,Kp=35.0,Ki=2.0,Kd=0.5,FF=190.8,Vc=0.40
t_s,mode,vitesse_freq_ms,vitesse_periode_ms,consigne_vitesse_ms,distance_m,consigne_dist_m,erreur_m,commande_pwm
6.773,2,0.0000,0.0000,0.4000,-1.0000,0.3000,0.4000,190.0
6.873,2,0.0000,0.0000,0.4000,-1.0000,0.3000,0.4000,190.0
6.973,2,0.0000,0.0000,0.4000,-1.0000,0.3000,0.4000,204.8
7.073,2,0.0000,0.0000,0.4000,-1.0000,0.3000,0.4000,204.8
7.173,2,0.0000,0.0000,0.4000,-1.0000,0.3000,0.4000,204.8
7.273,2,1.7383,0.0443,0.4000,-1.0000,0.3000,0.3557,190.0
7.373,2,0.0000,0.0443,0.4000,-1.0000,0.3000,0.3557,203.2
7.474,2,0.0000,0.0443,0.4000,-1.0000,0.3000,0.3557,203.2
7.574,2,1.7383,0.1513,0.4000,-1.0000,0.3000,0.2487,198.4
7.674,2,0.0000,0.2541,0.4000,-1.0000,0.3000,0.1459,195.5
7.774,2,0.0000,0.2910,0.4000,-1.0000,0.3000,0.1090,194.4
7.874,2,0.0000,0.3530,0.4000,-1.0000,0.3000,0.0470,192.2
7.974,2,0.0000,0.5133,0.4000,-1.0000,0.3000,-0.1133,186.2
8.074,2,0.0000,0.9362,0.4000,-1.0000,0.3000,-0.5362,170.4
8.174,2,0.0000,0.8318,0.4000,-1.0000,0.3000,-0.4318,176.0
8.274,2,0.0000,0.7943,0.4000,-1.0000,0.3000,-0.3943,177.1
8.374,3,0.0000,0.5883,0.4000,0.5690,0.3000,0.2690,107.1
8.474,3,0.0000,0.5142,0.4000,0.5646,0.3000,0.2646,37.1
8.574,3,0.0000,0.4490,0.4000,0.5646,0.3000,0.2646,9.3
8.674,3,0.0000,0.4255,0.4000,0.7385,0.3000,0.4385,17.1
8.774,3,0.0000,0.4170,0.4000,0.6162,0.3000,0.3162,10.2
8.875,3,0.0000,0.4140,0.4000,0.6162,0.3000,0.3162,11.1
8.975,3,0.0000,0.0000,0.4000,0.5164,0.3000,0.2164,6.6
9.075,3,0.0000,0.0000,0.4000,1.0998,0.3000,0.7998,30.5
9.175,3,0.0000,0.0000,0.4000,0.6376,0.3000,0.3376,12.0
9.275,3,0.0000,0.0000,0.4000,0.9017,0.3000,0.6017,23.1
9.375,2,0.0000,0.0000,0.4000,-1.0000,0.3000,0.4000,190.0
9.475,2,1.7383,0.0909,0.4000,-1.0000,0.3000,0.3091,201.6
9.575,2,0.0000,0.0909,0.4000,-1.0000,0.3000,0.3091,201.6
9.675,2,0.0000,0.0909,0.4000,-1.0000,0.3000,0.3091,201.6
9.775,2,0.0000,0.0909,0.4000,-1.0000,0.3000,0.3091,201.6
9.875,2,0.0000,0.0000,0.4000,-1.0000,0.3000,0.4000,190.0
9.975,2,0.0000,0.1994,0.4000,-1.0000,0.3000,0.2006,197.8
10.075,2,0.0000,0.1994,0.4000,-1.0000,0.3000,0.2006,197.8
10.175,2,1.7383,0.2603,0.4000,-1.0000,0.3000,0.1397,195.0
10.275,2,0.0000,0.3187,0.4000,-1.0000,0.3000,0.0813,193.4
10.376,2,1.7383,0.7230,0.4000,-1.0000,0.3000,-0.3230,176.5
10.476,2,1.7383,0.8429,0.4000,-1.0000,0.3000,-0.4429,175.8
10.576,2,0.0000,0.7880,0.4000,-1.0000,0.3000,-0.3880,177.4
10.676,2,1.7383,0.6466,0.4000,-1.0000,0.3000,-0.2466,183.4
10.776,3,0.0000,0.5228,0.4000,0.6414,0.3000,0.3414,113.4
10.876,3,1.7383,0.4690,0.4000,0.6414,0.3000,0.3414,43.4
10.976,3,0.0000,0.4441,0.4000,0.6414,0.3000,0.3414,11.9
11.076,2,1.7383,0.4506,0.4000,-1.0000,0.3000,-0.0506,46.9
11.176,2,0.0000,0.4622,0.4000,-1.0000,0.3000,-0.0622,81.9
11.276,2,0.0000,0.4664,0.4000,-1.0000,0.3000,-0.0664,116.9
11.376,2,0.0000,0.4679,0.4000,-1.0000,0.3000,-0.0679,151.9
11.476,2,0.0000,0.0000,0.4000,-1.0000,0.3000,0.4000,190.0
11.576,2,0.0000,0.0000,0.4000,-1.0000,0.3000,0.4000,190.0
11.676,2,0.0000,0.0000,0.4000,-1.0000,0.3000,0.4000,204.8
11.776,2,0.0000,0.0000,0.4000,-1.0000,0.3000,0.4000,204.8
11.876,2,0.0000,0.0000,0.4000,-1.0000,0.3000,0.4000,204.8
11.976,2,1.7383,0.0965,0.4000,-1.0000,0.3000,0.3035,201.4
12.076,2,0.0000,0.0965,0.4000,-1.0000,0.3000,0.3035,201.4
12.176,2,0.0000,0.0965,0.4000,-1.0000,0.3000,0.3035,201.4
12.276,2,0.0000,0.2419,0.4000,-1.0000,0.3000,0.1581,195.8
12.376,2,0.0000,0.2942,0.4000,-1.0000,0.3000,0.1058,194.3
12.476,2,1.7383,0.6884,0.4000,-1.0000,0.3000,-0.2884,177.8
12.576,2,1.7383,0.8101,0.4000,-1.0000,0.3000,-0.4101,176.9
12.676,2,0.0000,0.7621,0.4000,-1.0000,0.3000,-0.3621,178.3
12.776,2,1.7383,0.6326,0.4000,-1.0000,0.3000,-0.2326,183.8
12.876,2,0.0000,0.5185,0.4000,-1.0000,0.3000,-0.1185,187.0
12.976,2,0.0000,0.5832,0.4000,-1.0000,0.3000,-0.1832,184.1
13.076,2,0.0000,0.9674,0.4000,-1.0000,0.3000,-0.5674,169.5
13.176,2,0.0000,0.8557,0.4000,-1.0000,0.3000,-0.4557,175.2
13.277,2,1.7383,0.7003,0.4000,-1.0000,0.3000,-0.3003,181.6
13.377,2,0.0000,0.5751,0.4000,-1.0000,0.3000,-0.1751,185.1
13.477,2,0.0000,0.5619,0.4000,-1.0000,0.3000,-0.1619,185.1
13.577,2,0.0000,0.8856,0.4000,-1.0000,0.3000,-0.4856,172.6
13.677,2,0.0000,0.7670,0.4000,-1.0000,0.3000,-0.3670,178.4
13.777,2,0.0000,0.7243,0.4000,-1.0000,0.3000,-0.3243,179.6
13.877,2,0.0000,0.5527,0.4000,-1.0000,0.3000,-0.1527,186.1
13.977,2,1.7383,0.5666,0.4000,-1.0000,0.3000,-0.1666,184.4
14.077,2,0.0000,0.9789,0.4000,-1.0000,0.3000,-0.5789,169.0
14.177,2,1.7383,0.9532,0.4000,-1.0000,0.3000,-0.5532,172.6
14.277,2,0.0000,0.8395,0.4000,-1.0000,0.3000,-0.4395,175.8
14.377,2,0.0000,0.6013,0.4000,-1.0000,0.3000,-0.2013,184.6
14.477,2,0.0000,0.5156,0.4000,-1.0000,0.3000,-0.1156,187.0
14.577,2,1.7383,0.7353,0.4000,-1.0000,0.3000,-0.3353,176.9
14.678,2,0.0000,0.9398,0.4000,-1.0000,0.3000,-0.5398,171.1
14.778,2,0.0000,0.7731,0.4000,-1.0000,0.3000,-0.3731,178.3
14.878,2,0.0000,0.7131,0.4000,-1.0000,0.3000,-0.3131,180.0
14.978,2,0.0000,0.5277,0.4000,-1.0000,0.3000,-0.1277,187.0
15.078,2,1.7383,0.5334,0.4000,-1.0000,0.3000,-0.1334,185.6
15.178,3,0.0000,0.9300,0.4000,0.6270,0.3000,0.3270,139.9
15.278,3,1.7383,0.9102,0.4000,0.5747,0.3000,0.2747,69.9
15.378,3,0.0000,0.8055,0.4000,0.5659,0.3000,0.2659,9.3
15.478,2,1.7383,0.6399,0.4000,-1.0000,0.3000,-0.2399,44.3
15.578,2,0.0000,0.5036,0.4000,-1.0000,0.3000,-0.1036,79.3
15.678,2,0.0000,0.4545,0.4000,-1.0000,0.3000,-0.0545,114.3
15.778,2,0.0000,0.3570,0.4000,-1.0000,0.3000,0.0430,149.3
15.878,2,0.0000,0.3219,0.4000,-1.0000,0.3000,0.0781,184.3
15.978,2,0.0000,0.3092,0.4000,-1.0000,0.3000,0.0908,194.0
16.078,2,0.0000,0.3047,0.4000,-1.0000,0.3000,0.0953,194.1
16.178,2,0.0000,0.0000,0.4000,-1.0000,0.3000,0.4000,190.0
16.278,2,0.0000,0.0000,0.4000,-1.0000,0.3000,0.4000,204.8
16.378,2,1.7383,0.1397,0.4000,-1.0000,0.3000,0.2603,199.9
16.478,2,0.0000,0.1397,0.4000,-1.0000,0.3000,0.2603,199.9
16.578,2,0.0000,0.1397,0.4000,-1.0000,0.3000,0.2603,199.9
16.678,2,0.0000,0.2553,0.4000,-1.0000,0.3000,0.1447,195.4
16.778,2,0.0000,0.2969,0.4000,-1.0000,0.3000,0.1031,194.2
16.878,2,1.7383,0.3343,0.4000,-1.0000,0.3000,0.0657,192.8
16.978,3,0.0000,0.3613,0.4000,1.1866,0.3000,0.8866,157.3
17.078,3,0.0000,0.5099,0.4000,1.1319,0.3000,0.8319,87.3
17.178,3,0.0000,0.8239,0.4000,1.0930,0.3000,0.7930,27.6
17.278,3,1.7383,0.7411,0.4000,1.0563,0.3000,0.7563,26.3
17.378,3,0.0000,0.5937,0.4000,1.0317,0.3000,0.7317,25.5
17.478,3,0.0000,0.5407,0.4000,1.0125,0.3000,0.7125,24.9
17.579,3,0.0000,0.5216,0.4000,1.0046,0.3000,0.7046,24.6
17.679,3,0.0000,0.0000,0.4000,1.0048,0.3000,0.7048,24.7
17.779,3,0.0000,0.0000,0.4000,1.0067,0.3000,0.7067,24.7
17.879,3,0.0000,0.0000,0.4000,1.0082,0.3000,0.7082,24.8
17.979,3,0.0000,0.0000,0.4000,1.0065,0.3000,0.7065,24.7
18.079,3,0.0000,0.0000,0.4000,1.0110,0.3000,0.7110,24.9
18.179,3,0.0000,0.0000,0.4000,1.0074,0.3000,0.7074,24.8
18.279,3,0.0000,0.0000,0.4000,1.0113,0.3000,0.7113,24.9
18.379,3,0.0000,0.0000,0.4000,1.0079,0.3000,0.7079,24.8
18.479,3,0.0000,0.0000,0.4000,1.0079,0.3000,0.7079,24.8
18.579,3,0.0000,0.0000,0.4000,1.0079,0.3000,0.7079,24.8
18.679,3,0.0000,0.0000,0.4000,1.0070,0.3000,0.7070,24.7
18.779,3,0.0000,0.0000,0.4000,1.0077,0.3000,0.7077,24.8
18.879,3,0.0000,0.0000,0.4000,1.0077,0.3000,0.7077,24.8
18.979,3,0.0000,0.0000,0.4000,1.0268,0.3000,0.7268,25.6
19.080,3,0.0000,0.0000,0.4000,1.0204,0.3000,0.7204,25.3
19.180,3,0.0000,0.0000,0.4000,0.9628,0.3000,0.6628,22.5
19.280,3,0.0000,0.0000,0.4000,0.9031,0.3000,0.6031,20.9
19.380,3,0.0000,0.0000,0.4000,0.9709,0.3000,0.6709,23.3
19.480,3,0.0000,0.0000,0.4000,0.9616,0.3000,0.6616,23.1
19.580,3,0.0000,0.0000,0.4000,0.9582,0.3000,0.6582,23.1
19.680,3,0.0000,0.0000,0.4000,0.9812,0.3000,0.6812,24.1
19.780,3,0.0000,0.0000,0.4000,0.9321,0.3000,0.6321,21.5
19.880,3,0.0000,0.0000,0.4000,0.9244,0.3000,0.6244,21.7
19.980,3,0.0000,0.0000,0.4000,0.9283,0.3000,0.6283,22.0
20.080,3,0.0000,0.0000,0.4000,0.9283,0.3000,0.6283,22.0
20.180,3,0.0000,0.0000,0.4000,0.9283,0.3000,0.6283,22.0
20.280,2,0.0000,0.0000,0.4000,-1.0000,0.3000,0.4000,190.0
20.380,2,0.0000,0.0000,0.4000,-1.0000,0.3000,0.4000,204.8
20.480,2,0.0000,0.0000,0.4000,-1.0000,0.3000,0.4000,204.8
20.580,2,0.0000,0.0000,0.4000,-1.0000,0.3000,0.4000,204.8
20.680,2,0.0000,0.0000,0.4000,-1.0000,0.3000,0.4000,190.0
20.780,2,0.0000,0.0000,0.4000,-1.0000,0.3000,0.4000,190.0
20.880,2,0.0000,0.0000,0.4000,-1.0000,0.3000,0.4000,204.8
20.980,2,0.0000,0.0000,0.4000,-1.0000,0.3000,0.4000,204.8
21.080,2,0.0000,0.0000,0.4000,-1.0000,0.3000,0.4000,204.8
21.180,2,0.0000,0.0000,0.4000,-1.0000,0.3000,0.4000,190.0
21.280,2,0.0000,0.0000,0.4000,-1.0000,0.3000,0.4000,204.8
21.380,2,0.0000,0.0000,0.4000,-1.0000,0.3000,0.4000,204.8
21.480,2,0.0000,0.0000,0.4000,-1.0000,0.3000,0.4000,204.8
21.580,2,0.0000,0.0000,0.4000,-1.0000,0.3000,0.4000,190.0
21.680,2,0.0000,0.0000,0.4000,-1.0000,0.3000,0.4000,190.0
21.780,2,0.0000,0.0000,0.4000,-1.0000,0.3000,0.4000,204.8
21.880,2,0.0000,0.0000,0.4000,-1.0000,0.3000,0.4000,204.8
21.981,2,0.0000,0.0000,0.4000,-1.0000,0.3000,0.4000,204.8
22.081,2,0.0000,0.0000,0.4000,-1.0000,0.3000,0.4000,190.0
22.181,2,0.0000,0.0000,0.4000,-1.0000,0.3000,0.4000,204.8
22.281,2,0.0000,0.0000,0.4000,-1.0000,0.3000,0.4000,204.8
22.381,2,1.7383,0.0171,0.4000,-1.0000,0.3000,0.3829,204.2
22.481,2,0.0000,0.0171,0.4000,-1.0000,0.3000,0.3829,190.0
22.581,2,1.7383,0.1776,0.4000,-1.0000,0.3000,0.2224,196.9
22.681,2,1.7383,0.5233,0.4000,-1.0000,0.3000,-0.1233,184.0
22.781,2,1.7383,0.6665,0.4000,-1.0000,0.3000,-0.2665,181.5
22.881,2,0.0000,0.6603,0.4000,-1.0000,0.3000,-0.2603,181.7
22.981,2,0.0000,0.5938,0.4000,-1.0000,0.3000,-0.1938,184.2
23.081,2,1.7383,0.6540,0.4000,-1.0000,0.3000,-0.2540,181.1
23.181,2,0.0000,1.1409,0.4000,-1.0000,0.3000,-0.7409,163.0
23.281,2,0.0000,0.9995,0.4000,-1.0000,0.3000,-0.5995,170.3
23.382,2,1.7043,0.8229,0.4000,-1.0000,0.3000,-0.4229,177.4
23.482,2,1.7383,0.6982,0.4000,-1.0000,0.3000,-0.2982,180.7
23.582,2,1.7383,0.8575,0.4000,-1.0000,0.3000,-0.4575,172.9
23.682,2,1.7383,0.8769,0.4000,-1.0000,0.3000,-0.4769,175.0
23.782,2,0.0000,0.7908,0.4000,-1.0000,0.3000,-0.3908,177.4
23.882,2,1.7383,0.6384,0.4000,-1.0000,0.3000,-0.2384,183.8
23.982,2,0.0000,0.5107,0.4000,-1.0000,0.3000,-0.1107,187.4
24.082,2,1.7383,0.4810,0.4000,-1.0000,0.3000,-0.0810,187.9
24.182,2,1.7383,0.6773,0.4000,-1.0000,0.3000,-0.2773,179.1
24.282,2,1.7383,0.7539,0.4000,-1.0000,0.3000,-0.3539,178.8
24.382,2,0.0000,0.7140,0.4000,-1.0000,0.3000,-0.3140,179.9
24.482,2,0.0000,0.5942,0.4000,-1.0000,0.3000,-0.1942,184.4
24.582,2,1.7383,0.6394,0.4000,-1.0000,0.3000,-0.2394,181.7
24.682,2,0.0000,1.1014,0.4000,-1.0000,0.3000,-0.7014,164.5
24.782,2,0.0000,0.9599,0.4000,-1.0000,0.3000,-0.5599,171.7
24.882,2,1.7383,0.7857,0.4000,-1.0000,0.3000,-0.3857,178.7
24.982,2,0.0000,0.6491,0.4000,-1.0000,0.3000,-0.2491,182.6
25.082,2,1.7383,0.8629,0.4000,-1.0000,0.3000,-0.4629,172.4
25.182,2,1.7383,0.9008,0.4000,-1.0000,0.3000,-0.5008,174.2
25.282,2,0.0000,0.8132,0.4000,-1.0000,0.3000,-0.4132,176.6
25.382,2,1.7383,0.6605,0.4000,-1.0000,0.3000,-0.2605,183.0
25.482,2,0.0000,0.5328,0.4000,-1.0000,0.3000,-0.1328,186.6
25.582,2,1.7383,0.5063,0.4000,-1.0000,0.3000,-0.1063,187.0
25.682,2,0.0000,0.8338,0.4000,-1.0000,0.3000,-0.4338,174.4
25.782,2,1.7383,0.8005,0.4000,-1.0000,0.3000,-0.4005,177.8
25.882,2,0.0000,0.6977,0.4000,-1.0000,0.3000,-0.2977,180.7
25.982,2,1.7383,0.5679,0.4000,-1.0000,0.3000,-0.1679,186.0
26.082,2,0.0000,0.4655,0.4000,-1.0000,0.3000,-0.0655,188.9
26.182,2,0.0000,0.5510,0.4000,-1.0000,0.3000,-0.1510,185.2
26.283,2,0.0000,0.9330,0.4000,-1.0000,0.3000,-0.5330,170.7
26.383,2,0.0000,0.8266,0.4000,-1.0000,0.3000,-0.4266,176.2
26.483,2,0.0000,0.7883,0.4000,-1.0000,0.3000,-0.3883,177.3
26.583,2,0.0000,0.5934,0.4000,-1.0000,0.3000,-0.1934,184.7
26.683,1,1.7383,0.5317,0.4000,0.0521,0.3000,-0.2479,-180.0
26.783,1,0.0000,0.5147,0.4000,0.0489,0.3000,-0.2511,-180.0
26.883,1,0.0000,0.5859,0.4000,0.0713,0.3000,-0.2287,-180.0
26.983,1,0.0000,0.6116,0.4000,0.0681,0.3000,-0.2319,-180.0
27.083,1,0.0000,0.6208,0.4000,0.0681,0.3000,-0.2319,-180.0
27.183,1,0.0000,0.6242,0.4000,0.0648,0.3000,-0.2352,-180.0
27.283,1,0.0000,0.0000,0.4000,0.0648,0.3000,-0.2352,-180.0
27.383,1,0.0000,0.0000,0.4000,0.0809,0.3000,-0.2191,-180.0
27.483,1,0.0000,0.1383,0.4000,0.1231,0.3000,-0.1769,-180.0
27.583,1,0.0000,0.1383,0.4000,0.1638,0.3000,-0.1362,-180.0
27.683,1,0.0000,0.1383,0.4000,0.1638,0.3000,-0.1362,-180.0
27.784,1,1.7383,0.1869,0.4000,0.1638,0.3000,-0.1362,-180.0
27.884,2,0.0000,0.2336,0.4000,-1.0000,0.3000,0.1664,0.0
27.984,2,0.0000,0.2504,0.4000,-1.0000,0.3000,0.1496,0.0
28.084,2,0.0000,0.2564,0.4000,-1.0000,0.3000,0.1436,0.0
28.184,2,0.0000,0.0000,0.4000,-1.0000,0.3000,0.4000,190.0
28.284,2,0.0000,0.0000,0.4000,-1.0000,0.3000,0.4000,190.0
28.384,2,0.0000,0.0000,0.4000,-1.0000,0.3000,0.4000,204.8
28.484,2,0.0000,0.0000,0.4000,-1.0000,0.3000,0.4000,204.8
28.584,2,0.0000,0.0000,0.4000,-1.0000,0.3000,0.4000,204.8
