#correcteur=PI,Kp=60,Ki=15,Kd=0,FF=204.0,Vc=0.7
t_s,mode,vitesse_freq_ms,vitesse_periode_ms,consigne_vitesse_ms,distance_m,consigne_dist_m,erreur_m,commande_pwm
0.0,2,0.5241,0.0,0.7,-1.0,0.3,0.7,210.0
0.1,2,0.6543,0.4527,0.7,-1.0,0.3,0.2473,218.8
0.2,2,0.8977,0.7202,0.7,-1.0,0.3,-0.0202,203.8
0.3,2,1.0182,0.846,0.7,-1.0,0.3,-0.146,196.0
0.4,2,1.0374,0.8879,0.7,-1.0,0.3,-0.1879,193.2
0.5,2,0.9351,0.9381,0.7,-1.0,0.3,-0.2381,189.9
0.6,2,0.9676,0.9344,0.7,-1.0,0.3,-0.2344,189.7
0.7,2,1.0094,0.9432,0.7,-1.0,0.3,-0.2432,188.9
0.8,2,0.9509,0.9445,0.7,-1.0,0.3,-0.2445,188.4
0.9,2,0.938,0.9376,0.7,-1.0,0.3,-0.2376,188.5
1.0,2,0.8367,0.9451,0.7,-1.0,0.3,-0.2451,187.7
1.1,2,0.9848,0.9231,0.7,-1.0,0.3,-0.2231,188.6
1.2,2,0.9264,0.9423,0.7,-1.0,0.3,-0.2423,187.1
1.3,2,0.9566,0.9377,0.7,-1.0,0.3,-0.2377,187.0
1.4,2,0.8884,0.9293,0.7,-1.0,0.3,-0.2293,187.2
1.5,2,0.8742,0.9375,0.7,-1.0,0.3,-0.2375,186.4
1.6,2,0.8287,0.9378,0.7,-1.0,0.3,-0.2378,186.0
1.7,2,0.9565,0.9432,0.7,-1.0,0.3,-0.2432,185.3
1.8,2,0.9865,0.9312,0.7,-1.0,0.3,-0.2312,185.7
1.9,2,0.985,0.9475,0.7,-1.0,0.3,-0.2475,184.3
2.0,2,0.8508,0.9021,0.7,-1.0,0.3,-0.2021,186.7
2.1,2,0.928,0.9201,0.7,-1.0,0.3,-0.2201,185.3
2.2,2,0.8798,0.9327,0.7,-1.0,0.3,-0.2327,184.2
2.3,2,0.8771,0.9256,0.7,-1.0,0.3,-0.2256,184.6
2.4,2,0.8389,0.9151,0.7,-1.0,0.3,-0.2151,185.2
2.5,2,0.8431,0.9122,0.7,-1.0,0.3,-0.2122,185.4
2.6,2,0.9878,0.9125,0.7,-1.0,0.3,-0.2125,185.4
2.7,2,1.0827,0.9132,0.7,-1.0,0.3,-0.2132,185.3
2.8,2,0.9336,0.9307,0.7,-1.0,0.3,-0.2307,184.3
2.9,2,0.9658,0.9123,0.7,-1.0,0.3,-0.2123,185.4
3.0,2,0.9311,0.9168,0.7,-1.0,0.3,-0.2168,185.1
3.1,2,0.9131,0.9545,0.7,-1.0,0.3,-0.2545,182.8
3.2,2,0.8768,0.9327,0.7,-1.0,0.3,-0.2327,184.2
3.3,2,1.0272,0.9186,0.7,-1.0,0.3,-0.2186,185.0
3.4,2,1.0314,0.9134,0.7,-1.0,0.3,-0.2134,185.3
3.5,2,0.8876,0.9312,0.7,-1.0,0.3,-0.2312,184.2
3.6,2,0.9792,0.9289,0.7,-1.0,0.3,-0.2289,184.4
3.7,2,0.8265,0.9283,0.7,-1.0,0.3,-0.2283,184.4
3.8,2,0.9079,0.912,0.7,-1.0,0.3,-0.212,185.4
3.9,2,0.9598,0.9218,0.7,-1.0,0.3,-0.2218,184.8
4.0,2,0.842,0.9247,0.7,-1.0,0.3,-0.2247,184.6
4.1,2,0.9582,0.9267,0.7,-1.0,0.3,-0.2267,184.5
4.2,2,0.9859,0.9283,0.7,-1.0,0.3,-0.2283,184.4
4.3,2,0.948,0.9311,0.7,-1.0,0.3,-0.2311,184.3
4.4,2,0.8219,0.9196,0.7,-1.0,0.3,-0.2196,184.9
4.5,2,0.9338,0.9267,0.7,-1.0,0.3,-0.2267,184.5
4.6,2,0.8448,0.9246,0.7,-1.0,0.3,-0.2246,184.6
4.7,2,0.9868,0.9084,0.7,-1.0,0.3,-0.2084,185.6
4.8,2,0.9638,0.9231,0.7,-1.0,0.3,-0.2231,184.7
4.9,2,0.9243,0.9232,0.7,-1.0,0.3,-0.2232,184.7
5.0,2,0.8899,0.9338,0.7,-1.0,0.3,-0.2338,184.1
5.1,2,0.8938,0.922,0.7,-1.0,0.3,-0.222,184.8
5.2,2,0.9041,0.9163,0.7,-1.0,0.3,-0.2163,185.1
5.3,2,0.8933,0.9253,0.7,-1.0,0.3,-0.2253,184.6
5.4,2,0.8665,0.9371,0.7,-1.0,0.3,-0.2371,183.9
5.5,2,0.8953,0.918,0.7,-1.0,0.3,-0.218,185.0
5.6,2,0.9315,0.939,0.7,-1.0,0.3,-0.239,183.8
5.7,2,0.8304,0.9321,0.7,-1.0,0.3,-0.2321,184.2
5.8,2,0.9741,0.9227,0.7,-1.0,0.3,-0.2227,184.8
5.9,2,0.9854,0.9217,0.7,-1.0,0.3,-0.2217,184.8
6.0,2,1.0073,0.9152,0.7,-1.0,0.3,-0.2152,185.2
6.1,2,0.8971,0.9503,0.7,-1.0,0.3,-0.2503,183.1
6.2,2,1.0087,0.9135,0.7,-1.0,0.3,-0.2135,185.3
6.3,2,0.8881,0.9405,0.7,-1.0,0.3,-0.2405,183.7
6.4,2,0.9048,0.9144,0.7,-1.0,0.3,-0.2144,185.3
6.5,2,0.869,0.9056,0.7,-1.0,0.3,-0.2056,185.8
6.6,2,0.8786,0.9121,0.7,-1.0,0.3,-0.2121,185.4
6.7,2,0.9374,0.9242,0.7,-1.0,0.3,-0.2242,184.7
6.8,2,0.8604,0.942,0.7,-1.0,0.3,-0.242,183.6
6.9,2,0.907,0.9321,0.7,-1.0,0.3,-0.2321,184.2
7.0,2,0.9618,0.9193,0.7,-1.0,0.3,-0.2193,185.0
7.1,2,0.9466,0.9078,0.7,-1.0,0.3,-0.2078,185.6
7.2,2,0.9521,0.9256,0.7,-1.0,0.3,-0.2256,184.6
7.3,2,1.0693,0.9261,0.7,-1.0,0.3,-0.2261,184.6
7.4,2,0.8913,0.9143,0.7,-1.0,0.3,-0.2143,185.3
7.5,2,0.8903,0.9157,0.7,-1.0,0.3,-0.2157,185.2
7.6,2,0.9952,0.916,0.7,-1.0,0.3,-0.216,185.2
7.7,2,0.8865,0.9409,0.7,-1.0,0.3,-0.2409,183.7
7.8,2,0.9512,0.9107,0.7,-1.0,0.3,-0.2107,185.5
7.9,2,0.9614,0.9163,0.7,-1.0,0.3,-0.2163,185.1
8.0,2,0.8315,0.9258,0.7,-1.0,0.3,-0.2258,184.6
8.1,2,1.0276,0.941,0.7,-1.0,0.3,-0.241,183.7
8.2,2,0.899,0.9125,0.7,-1.0,0.3,-0.2125,185.4
8.3,2,0.9419,0.9256,0.7,-1.0,0.3,-0.2256,184.6
8.4,2,1.0416,0.9297,0.7,-1.0,0.3,-0.2297,184.3
8.5,2,0.8741,0.9189,0.7,-1.0,0.3,-0.2189,185.0
8.6,2,0.8805,0.9055,0.7,-1.0,0.3,-0.2055,185.8
8.7,2,1.0309,0.9239,0.7,-1.0,0.3,-0.2239,184.7
8.8,2,0.9369,0.917,0.7,-1.0,0.3,-0.217,185.1
8.9,2,0.9941,0.9233,0.7,-1.0,0.3,-0.2233,184.7
9.0,2,0.8866,0.9531,0.7,-1.0,0.3,-0.2531,182.9
9.1,2,0.9841,0.9126,0.7,-1.0,0.3,-0.2126,185.4
9.2,2,1.0316,0.9296,0.7,-1.0,0.3,-0.2296,184.3
9.3,2,0.8992,0.9278,0.7,-1.0,0.3,-0.2278,184.4
9.4,2,0.9872,0.9278,0.7,-1.0,0.3,-0.2278,184.4
9.5,2,0.9507,0.9305,0.7,-1.0,0.3,-0.2305,184.3
9.6,2,0.9899,0.9331,0.7,-1.0,0.3,-0.2331,184.1
9.7,2,0.9579,0.9363,0.7,-1.0,0.3,-0.2363,183.9
9.8,2,0.9299,0.917,0.7,-1.0,0.3,-0.217,185.1
9.9,2,0.8709,0.9356,0.7,-1.0,0.3,-0.2356,184.0
10.0,2,0.8971,0.9243,0.7,-1.0,0.3,-0.2243,184.7
10.1,2,0.9982,0.921,0.7,-1.0,0.3,-0.221,184.9
10.2,2,0.9244,0.9238,0.7,-1.0,0.3,-0.2238,184.7
10.3,2,0.9689,0.9053,0.7,-1.0,0.3,-0.2053,185.8
10.4,2,1.0518,0.9319,0.7,-1.0,0.3,-0.2319,184.2
10.5,2,0.9358,0.9184,0.7,-1.0,0.3,-0.2184,185.0
10.6,2,1.0167,0.9257,0.7,-1.0,0.3,-0.2257,184.6
10.7,2,0.9391,0.9209,0.7,-1.0,0.3,-0.2209,184.9
10.8,2,0.9325,0.9296,0.7,-1.0,0.3,-0.2296,184.3
10.9,2,0.9342,0.916,0.7,-1.0,0.3,-0.216,185.2
11.0,2,0.8591,0.9355,0.7,-1.0,0.3,-0.2355,184.0
11.1,2,0.8794,0.9223,0.7,-1.0,0.3,-0.2223,184.8
11.2,2,0.8286,0.9357,0.7,-1.0,0.3,-0.2357,184.0
11.3,2,0.9448,0.9133,0.7,-1.0,0.3,-0.2133,185.3
11.4,2,0.9158,0.941,0.7,-1.0,0.3,-0.241,183.7
11.5,2,1.0349,0.9131,0.7,-1.0,0.3,-0.2131,185.3
11.6,2,0.7925,0.9047,0.7,-1.0,0.3,-0.2047,185.8
11.7,2,0.8924,0.9297,0.7,-1.0,0.3,-0.2297,184.3
11.8,2,0.9665,0.9103,0.7,-1.0,0.3,-0.2103,185.5
11.9,2,0.8888,0.9269,0.7,-1.0,0.3,-0.2269,184.5
12.0,3,0.569,0.9073,0.7,1.1,0.3,0.8,0.0
12.1,3,0.2834,0.5245,0.7,1.084,0.3,0.784,0.0
12.2,3,0.0978,0.3115,0.7,1.068,0.3,0.768,0.0
12.3,3,0.0492,0.1437,0.7,1.052,0.3,0.752,0.0
12.4,3,0.0654,0.0902,0.7,1.036,0.3,0.736,0.0
12.5,3,0.5108,0.0479,0.7,1.02,0.3,0.72,210.0
12.6,3,0.6551,0.4746,0.7,1.004,0.3,0.704,134.0
12.7,3,0.3854,0.5675,0.7,0.988,0.3,0.688,0.0
12.8,3,0.2057,0.3225,0.7,0.972,0.3,0.672,0.0
12.9,3,0.1267,0.1851,0.7,0.956,0.3,0.656,0.0
13.0,3,0.1357,0.1075,0.7,0.94,0.3,0.64,0.0
13.1,3,0.535,0.0583,0.7,0.924,0.3,0.624,210.0
13.2,3,0.6565,0.4914,0.7,0.908,0.3,0.608,134.0
13.3,3,0.4273,0.5619,0.7,0.892,0.3,0.592,0.0
13.4,3,0.0929,0.3188,0.7,0.876,0.3,0.576,0.0
13.5,3,0.0592,0.1803,0.7,0.86,0.3,0.56,0.0
13.6,3,0.0169,0.1102,0.7,0.844,0.3,0.544,0.0
13.7,3,0.3792,0.0507,0.7,0.828,0.3,0.528,210.0
13.8,3,0.4247,0.4871,0.7,0.812,0.3,0.512,134.0
13.9,3,0.3649,0.5511,0.7,0.796,0.3,0.496,0.0
14.0,3,0.2043,0.3287,0.7,0.78,0.3,0.48,0.0
14.1,3,0.0973,0.1672,0.7,0.764,0.3,0.464,0.0
14.2,3,0.0,0.1001,0.7,0.748,0.3,0.448,0.0
14.3,3,0.084,0.0741,0.7,0.732,0.3,0.432,0.0
14.4,3,0.4804,0.0287,0.7,0.716,0.3,0.416,210.0
14.5,3,0.4399,0.4813,0.7,0.7,0.3,0.4,134.0
14.6,3,0.274,0.5594,0.7,0.684,0.3,0.384,0.0
14.7,3,0.1595,0.3029,0.7,0.668,0.3,0.368,0.0
14.8,3,0.1372,0.1979,0.7,0.652,0.3,0.352,0.0
14.9,3,0.0897,0.0919,0.7,0.636,0.3,0.336,0.0
15.0,3,0.0865,0.0721,0.7,0.62,0.3,0.32,0.0
15.1,3,0.4397,0.0317,0.7,0.604,0.3,0.304,210.0
15.2,3,0.5859,0.4869,0.7,0.588,0.3,0.288,134.0
15.3,3,0.353,0.573,0.7,0.572,0.3,0.272,0.0
15.4,3,0.1442,0.3275,0.7,0.556,0.3,0.256,0.0
15.5,3,0.1106,0.1921,0.7,0.54,0.3,0.24,0.0
15.6,3,0.0139,0.1236,0.7,0.524,0.3,0.224,0.0
15.7,3,0.0428,0.0761,0.7,0.508,0.3,0.208,0.0
15.8,3,0.4495,0.0231,0.7,0.492,0.3,0.192,210.0
15.9,3,0.5877,0.4747,0.7,0.476,0.3,0.176,134.0
16.0,3,0.2804,0.5685,0.7,0.46,0.3,0.16,0.0
16.1,3,0.3049,0.3146,0.7,0.444,0.3,0.144,0.0
16.2,3,0.1249,0.1971,0.7,0.428,0.3,0.128,0.0
16.3,3,0.0625,0.0992,0.7,0.412,0.3,0.112,0.0
16.4,3,0.0,0.0627,0.7,0.396,0.3,0.096,0.0
16.5,3,0.3784,0.0279,0.7,0.38,0.3,0.08,210.0
16.6,3,0.6011,0.4833,0.7,0.364,0.3,0.064,134.0
16.7,3,0.4093,0.5564,0.7,0.348,0.3,0.048,0.0
16.8,3,0.0885,0.3001,0.7,0.332,0.3,0.032,0.0
16.9,3,0.1616,0.179,0.7,0.316,0.3,0.016,0.0
17.0,3,0.0278,0.1189,0.7,0.3,0.3,0.0,0.0
17.1,3,0.0287,0.0682,0.7,0.3045,0.3,0.0045,0.0
17.2,3,0.5315,0.0289,0.7,0.3088,0.3,0.0088,210.0
17.3,3,0.4677,0.4863,0.7,0.3128,0.3,0.0128,134.0
17.4,3,0.3977,0.58,0.7,0.3164,0.3,0.0164,0.0
17.5,3,0.2001,0.3073,0.7,0.3195,0.3,0.0195,0.0
17.6,3,0.1144,0.1822,0.7,0.322,0.3,0.022,0.0
17.7,3,0.015,0.0921,0.7,0.3238,0.3,0.0238,0.0
17.8,3,0.5625,0.055,0.7,0.3248,0.3,0.0248,210.0
17.9,3,0.5476,0.4987,0.7,0.325,0.3,0.025,134.0
18.0,3,0.1482,0.5791,0.7,0.3244,0.3,0.0244,0.0
18.1,3,0.0743,0.3329,0.7,0.323,0.3,0.023,0.0
18.2,3,0.0329,0.1744,0.7,0.3209,0.3,0.0209,0.0
18.3,3,0.1257,0.0845,0.7,0.3181,0.3,0.0181,0.0
18.4,3,0.5134,0.0504,0.7,0.3147,0.3,0.0147,210.0
18.5,3,0.5987,0.492,0.7,0.3108,0.3,0.0108,134.0
18.6,3,0.2423,0.571,0.7,0.3067,0.3,0.0067,0.0
18.7,3,0.1492,0.3312,0.7,0.3022,0.3,0.0022,0.0
18.8,3,0.0744,0.1601,0.7,0.2978,0.3,-0.0022,0.0
18.9,3,0.1071,0.1181,0.7,0.2933,0.3,-0.0067,0.0
19.0,3,0.4716,0.0519,0.7,0.2892,0.3,-0.0108,210.0
19.1,3,0.6164,0.4887,0.7,0.2853,0.3,-0.0147,-0.9
19.2,3,0.3012,0.4964,0.7,0.2819,0.3,-0.0181,0.0
19.3,3,0.1686,0.2878,0.7,0.2791,0.3,-0.0209,0.0
19.4,3,0.0746,0.1511,0.7,0.277,0.3,-0.023,0.0
19.5,3,0.0461,0.0855,0.7,0.2756,0.3,-0.0244,0.0
19.6,3,0.0302,0.0571,0.7,0.275,0.3,-0.025,0.0
19.7,3,0.0103,0.0359,0.7,0.2752,0.3,-0.0248,0.0
19.8,3,0.0,0.0161,0.7,0.2762,0.3,-0.0238,0.0
19.9,3,0.0293,0.0195,0.7,0.278,0.3,-0.022,0.0
20.0,3,0.0,0.0205,0.7,0.2805,0.3,-0.0195,0.0
20.1,3,0.0001,0.0336,0.7,0.2836,0.3,-0.0164,0.0
20.2,3,0.0,0.0218,0.7,0.2872,0.3,-0.0128,0.0
20.3,3,0.0,0.0158,0.7,0.2912,0.3,-0.0088,0.0
20.4,3,0.5808,0.001,0.7,0.2955,0.3,-0.0045,210.0
20.5,3,0.5682,0.4636,0.7,0.3,0.3,0.0,134.0
20.6,3,0.3407,0.5656,0.7,0.3045,0.3,0.0045,0.0
20.7,3,0.196,0.3127,0.7,0.3088,0.3,0.0088,0.0
20.8,3,0.094,0.203,0.7,0.3128,0.3,0.0128,0.0
20.9,3,0.1176,0.0999,0.7,0.3164,0.3,0.0164,0.0
21.0,3,0.1018,0.0679,0.7,0.3195,0.3,0.0195,0.0
21.1,3,0.4097,0.0382,0.7,0.322,0.3,0.022,210.0
21.2,3,0.4933,0.4979,0.7,0.3238,0.3,0.0238,134.0
21.3,3,0.2695,0.5658,0.7,0.3248,0.3,0.0248,0.0
21.4,3,0.196,0.314,0.7,0.325,0.3,0.025,0.0
21.5,3,0.124,0.1801,0.7,0.3244,0.3,0.0244,0.0
21.6,3,0.0825,0.1181,0.7,0.323,0.3,0.023,0.0
21.7,3,0.55,0.0524,0.7,0.3209,0.3,0.0209,210.0
21.8,3,0.4962,0.5064,0.7,0.3181,0.3,0.0181,134.0
21.9,3,0.3612,0.577,0.7,0.3147,0.3,0.0147,0.0
22.0,3,0.2613,0.3156,0.7,0.3108,0.3,0.0108,0.0
22.1,3,0.1076,0.1769,0.7,0.3067,0.3,0.0067,0.0
22.2,3,0.057,0.098,0.7,0.3022,0.3,0.0022,0.0
22.3,3,0.4062,0.0429,0.7,0.2978,0.3,-0.0022,210.0
22.4,3,0.4414,0.5117,0.7,0.2933,0.3,-0.0067,-0.4
22.5,3,0.1464,0.4803,0.7,0.2892,0.3,-0.0108,0.0
22.6,3,0.075,0.268,0.7,0.2853,0.3,-0.0147,0.0
22.7,3,0.147,0.1741,0.7,0.2819,0.3,-0.0181,0.0
22.8,3,0.1836,0.0782,0.7,0.2791,0.3,-0.0209,0.0
22.9,3,0.0076,0.0602,0.7,0.277,0.3,-0.023,0.0
23.0,3,0.1526,0.0,0.7,0.2756,0.3,-0.0244,0.0
23.1,3,0.0,0.0,0.7,0.275,0.3,-0.025,0.0
23.2,3,0.1549,0.0208,0.7,0.2752,0.3,-0.0248,0.0
23.3,3,0.0423,0.0251,0.7,0.2762,0.3,-0.0238,0.0
23.4,3,0.0597,0.0156,0.7,0.278,0.3,-0.022,0.0
23.5,3,0.0254,0.0176,0.7,0.2805,0.3,-0.0195,0.0
23.6,3,0.0047,0.0098,0.7,0.2836,0.3,-0.0164,0.0
23.7,3,0.0,0.0,0.7,0.2872,0.3,-0.0128,0.0
23.8,3,0.0026,0.0,0.7,0.2912,0.3,-0.0088,0.0
23.9,3,0.3997,0.0,0.7,0.2955,0.3,-0.0045,210.0
24.0,3,0.6387,0.4681,0.7,0.3,0.3,0.0,134.0
24.1,3,0.2167,0.5662,0.7,0.324,0.3,0.024,0.0
24.2,3,0.2306,0.299,0.7,0.348,0.3,0.048,0.0
24.3,3,0.084,0.1623,0.7,0.372,0.3,0.072,0.0
24.4,3,0.0,0.1041,0.7,0.396,0.3,0.096,0.0
24.5,3,0.4117,0.0559,0.7,0.42,0.3,0.12,210.0
24.6,3,0.5888,0.4845,0.7,0.444,0.3,0.144,134.0
24.7,3,0.3454,0.5505,0.7,0.468,0.3,0.168,0.0
24.8,3,0.2118,0.3188,0.7,0.492,0.3,0.192,0.0
24.9,3,0.1819,0.1813,0.7,0.516,0.3,0.216,0.0
25.0,3,0.0303,0.1015,0.7,0.54,0.3,0.24,0.0
25.1,3,0.5251,0.0575,0.7,0.564,0.3,0.264,210.0
25.2,3,0.5725,0.4931,0.7,0.588,0.3,0.288,134.0
25.3,3,0.2795,0.5617,0.7,0.612,0.3,0.312,0.0
25.4,3,0.2838,0.3024,0.7,0.636,0.3,0.336,0.0
25.5,3,0.0585,0.1639,0.7,0.66,0.3,0.36,0.0
25.6,3,0.1098,0.0915,0.7,0.684,0.3,0.384,0.0
25.7,3,0.5674,0.0525,0.7,0.708,0.3,0.408,210.0
25.8,3,0.5869,0.4845,0.7,0.732,0.3,0.432,134.0
25.9,3,0.448,0.5601,0.7,0.756,0.3,0.456,0.0
26.0,3,0.1974,0.305,0.7,0.78,0.3,0.48,0.0
26.1,3,0.1249,0.1864,0.7,0.804,0.3,0.504,0.0
26.2,3,0.0483,0.0979,0.7,0.828,0.3,0.528,0.0
26.3,3,0.4838,0.0566,0.7,0.852,0.3,0.552,210.0
26.4,3,0.7027,0.5041,0.7,0.876,0.3,0.576,134.0
26.5,3,0.2371,0.5634,0.7,0.9,0.3,0.6,0.0
26.6,3,0.3336,0.3182,0.7,0.924,0.3,0.624,0.0
26.7,3,0.1985,0.1691,0.7,0.948,0.3,0.648,0.0
26.8,3,0.0229,0.1203,0.7,0.972,0.3,0.672,0.0
26.9,3,0.1291,0.0629,0.7,0.996,0.3,0.696,0.0
27.0,3,0.4665,0.0268,0.7,1.02,0.3,0.72,210.0
27.1,3,0.5015,0.4718,0.7,1.044,0.3,0.744,134.0
27.2,3,0.2415,0.5546,0.7,1.068,0.3,0.768,0.0
27.3,3,0.1302,0.3153,0.7,1.092,0.3,0.792,0.0
27.4,3,0.0054,0.1792,0.7,1.116,0.3,0.816,0.0
27.5,3,0.1053,0.1027,0.7,1.14,0.3,0.84,0.0
27.6,3,0.5146,0.0314,0.7,1.164,0.3,0.864,210.0
27.7,3,0.4973,0.5069,0.7,1.188,0.3,0.888,134.0
27.8,2,0.3443,0.5899,0.7,-1.0,0.3,0.1101,0.0
27.9,2,0.1754,0.3107,0.7,-1.0,0.3,0.3893,0.0
28.0,2,0.3352,0.1854,0.7,-1.0,0.3,0.5146,105.0
28.1,2,0.4374,0.3371,0.7,-1.0,0.3,0.3629,140.0
28.2,2,0.5754,0.4947,0.7,-1.0,0.3,0.2053,175.0
28.3,2,0.7742,0.6588,0.7,-1.0,0.3,0.0412,208.9
28.4,2,0.9753,0.8196,0.7,-1.0,0.3,-0.1196,199.1
28.5,2,0.9652,0.9142,0.7,-1.0,0.3,-0.2142,193.1
28.6,2,0.9242,0.9155,0.7,-1.0,0.3,-0.2155,192.7
28.7,2,0.9534,0.9577,0.7,-1.0,0.3,-0.2577,189.8
28.8,2,0.9666,0.9727,0.7,-1.0,0.3,-0.2727,188.5
28.9,2,0.9262,0.9453,0.7,-1.0,0.3,-0.2453,189.7
29.0,2,0.9356,0.9463,0.7,-1.0,0.3,-0.2463,189.3
29.1,2,1.0004,0.9533,0.7,-1.0,0.3,-0.2533,188.5
29.2,2,0.864,0.9336,0.7,-1.0,0.3,-0.2336,189.3
29.3,2,0.9757,0.9219,0.7,-1.0,0.3,-0.2219,189.7
29.4,2,0.8146,0.9319,0.7,-1.0,0.3,-0.2319,188.8
29.5,2,1.0896,0.9485,0.7,-1.0,0.3,-0.2485,187.4
29.6,2,0.9886,0.94,0.7,-1.0,0.3,-0.24,187.5
29.7,2,0.9306,0.9393,0.7,-1.0,0.3,-0.2393,187.2
29.8,2,0.9163,0.9476,0.7,-1.0,0.3,-0.2476,186.3
29.9,2,0.952,0.9369,0.7,-1.0,0.3,-0.2369,186.6
30.0,2,0.9926,0.9247,0.7,-1.0,0.3,-0.2247,187.0
30.1,2,0.8863,0.931,0.7,-1.0,0.3,-0.231,186.3
30.2,2,0.8752,0.9381,0.7,-1.0,0.3,-0.2381,185.5
30.3,2,0.9276,0.9295,0.7,-1.0,0.3,-0.2295,185.7
30.4,2,0.9537,0.9412,0.7,-1.0,0.3,-0.2412,184.6
30.5,2,0.9741,0.9249,0.7,-1.0,0.3,-0.2249,185.3
30.6,2,0.9553,0.9417,0.7,-1.0,0.3,-0.2417,183.9
30.7,2,0.8434,0.922,0.7,-1.0,0.3,-0.222,184.8
30.8,2,0.9056,0.9093,0.7,-1.0,0.3,-0.2093,185.6
30.9,2,0.9127,0.9166,0.7,-1.0,0.3,-0.2166,185.1
31.0,2,0.9547,0.9246,0.7,-1.0,0.3,-0.2246,184.6
31.1,2,0.9518,0.922,0.7,-1.0,0.3,-0.222,184.8
31.2,2,0.8038,0.9234,0.7,-1.0,0.3,-0.2234,184.7
31.3,2,0.9151,0.911,0.7,-1.0,0.3,-0.211,185.5
31.4,2,0.9608,0.9093,0.7,-1.0,0.3,-0.2093,185.6
31.5,2,0.9941,0.9432,0.7,-1.0,0.3,-0.2432,183.5
31.6,2,1.0115,0.9184,0.7,-1.0,0.3,-0.2184,185.0
31.7,2,0.9017,0.9238,0.7,-1.0,0.3,-0.2238,184.7
31.8,2,0.9049,0.9146,0.7,-1.0,0.3,-0.2146,185.2
31.9,2,0.9335,0.9184,0.7,-1.0,0.3,-0.2184,185.0
32.0,2,0.9226,0.9252,0.7,-1.0,0.3,-0.2252,184.6
32.1,2,0.9931,0.9277,0.7,-1.0,0.3,-0.2277,184.5
32.2,2,0.8314,0.933,0.7,-1.0,0.3,-0.233,184.1
32.3,2,0.9816,0.8898,0.7,-1.0,0.3,-0.1898,186.7
32.4,2,0.9123,0.9091,0.7,-1.0,0.3,-0.2091,185.6
32.5,2,0.8175,0.9118,0.7,-1.0,0.3,-0.2118,185.4
32.6,2,0.9684,0.9321,0.7,-1.0,0.3,-0.2321,184.2
32.7,2,0.768,0.9159,0.7,-1.0,0.3,-0.2159,185.2
32.8,2,0.9471,0.9169,0.7,-1.0,0.3,-0.2169,185.1
32.9,2,0.9362,0.9059,0.7,-1.0,0.3,-0.2059,185.8
33.0,2,0.9583,0.925,0.7,-1.0,0.3,-0.225,184.6
33.1,2,0.8642,0.925,0.7,-1.0,0.3,-0.225,184.6
33.2,2,0.911,0.937,0.7,-1.0,0.3,-0.237,183.9
33.3,2,0.8656,0.9202,0.7,-1.0,0.3,-0.2202,184.9
33.4,2,0.8696,0.9162,0.7,-1.0,0.3,-0.2162,185.1
33.5,2,1.0254,0.9206,0.7,-1.0,0.3,-0.2206,184.9
33.6,2,0.8278,0.9062,0.7,-1.0,0.3,-0.2062,185.7
33.7,2,0.9084,0.9423,0.7,-1.0,0.3,-0.2423,183.6
33.8,2,0.9852,0.9129,0.7,-1.0,0.3,-0.2129,185.3
33.9,2,1.033,0.9155,0.7,-1.0,0.3,-0.2155,185.2
34.0,2,0.8924,0.9316,0.7,-1.0,0.3,-0.2316,184.2
34.1,2,0.8823,0.9476,0.7,-1.0,0.3,-0.2476,183.3
34.2,2,0.9375,0.9275,0.7,-1.0,0.3,-0.2275,184.5
34.3,2,1.0127,0.9351,0.7,-1.0,0.3,-0.2351,184.0
34.4,2,0.8756,0.9194,0.7,-1.0,0.3,-0.2194,185.0
34.5,2,0.8803,0.9263,0.7,-1.0,0.3,-0.2263,184.5
34.6,2,0.9267,0.9451,0.7,-1.0,0.3,-0.2451,183.4
34.7,2,0.9323,0.9141,0.7,-1.0,0.3,-0.2141,185.3
34.8,2,0.8657,0.9051,0.7,-1.0,0.3,-0.2051,185.8
34.9,2,0.8817,0.9384,0.7,-1.0,0.3,-0.2384,183.8
