#correcteur=PI,Kp=35.0,Ki=2.0,Kd=0.5,FF=190.8,Vc=0.40
t_s,mode,vitesse_freq_ms,vitesse_periode_ms,consigne_vitesse_ms,distance_m,consigne_dist_m,erreur_m,commande_pwm
3.353,2,0.0000,0.0000,0.4000,-1.0000,0.3000,0.4000,190.0
3.453,2,0.0000,0.0000,0.4000,-1.0000,0.3000,0.4000,204.8
3.553,2,0.0000,0.0000,0.4000,-1.0000,0.3000,0.4000,204.9
3.653,2,0.0000,0.0000,0.4000,-1.0000,0.3000,0.4000,205.0
3.753,2,0.0000,0.0000,0.4000,-1.0000,0.3000,0.4000,190.0
3.853,2,0.0000,0.0000,0.4000,-1.0000,0.3000,0.4000,190.0
3.953,2,0.0000,0.0000,0.4000,-1.0000,0.3000,0.4000,205.1
4.054,2,0.0000,0.0000,0.4000,-1.0000,0.3000,0.4000,205.2
4.154,2,1.7383,0.3427,0.4000,-1.0000,0.3000,0.0573,193.2
4.254,2,1.7383,0.5499,0.4000,-1.0000,0.3000,-0.1499,186.0
4.354,2,0.0000,0.7488,0.4000,-1.0000,0.3000,-0.3488,178.9
4.454,2,0.0000,0.6661,0.4000,-1.0000,0.3000,-0.2661,181.8
4.554,3,1.7383,0.6020,0.4000,0.5678,0.3000,0.2678,111.8
4.654,3,0.0000,0.5584,0.4000,0.5678,0.3000,0.2678,41.8
4.754,3,0.0000,0.5767,0.4000,0.5678,0.3000,0.2678,9.4
4.854,2,1.7383,0.6729,0.4000,-1.0000,0.3000,-0.2729,26.9
4.954,2,0.0000,0.7612,0.4000,-1.0000,0.3000,-0.3612,61.9
5.054,2,0.0000,0.7930,0.4000,-1.0000,0.3000,-0.3930,96.9
5.154,2,0.0000,0.4936,0.4000,-1.0000,0.3000,-0.0936,131.9
5.254,2,0.0000,0.3858,0.4000,-1.0000,0.3000,0.0142,166.9
5.354,2,0.0000,0.3470,0.4000,-1.0000,0.3000,0.0530,192.6
5.454,2,0.0000,0.3331,0.4000,-1.0000,0.3000,0.0669,193.1
5.554,2,0.0000,0.0000,0.4000,-1.0000,0.3000,0.4000,190.0
5.654,2,0.0000,0.0000,0.4000,-1.0000,0.3000,0.4000,204.8
5.754,2,0.0000,0.0000,0.4000,-1.0000,0.3000,0.4000,204.9
5.854,2,0.0000,0.0000,0.4000,-1.0000,0.3000,0.4000,205.0
5.954,2,0.0000,0.1081,0.4000,-1.0000,0.3000,0.2919,201.3
6.054,2,0.0000,0.1081,0.4000,-1.0000,0.3000,0.2919,201.3
6.154,2,0.0000,0.3298,0.4000,-1.0000,0.3000,0.0702,193.6
6.254,2,0.0000,0.7514,0.4000,-1.0000,0.3000,-0.3514,178.8
6.354,2,0.0000,0.7193,0.4000,-1.0000,0.3000,-0.3193,179.8
6.454,3,1.7383,0.6654,0.4000,0.6702,0.3000,0.3702,145.1
6.554,3,1.7383,0.6872,0.4000,0.6032,0.3000,0.3032,75.1
6.654,3,1.7383,0.8938,0.4000,0.6032,0.3000,0.3032,10.6
6.754,1,0.0000,1.0635,0.4000,0.5678,0.3000,0.2678,-255.0
6.854,3,0.0000,0.6929,0.4000,0.5678,0.3000,0.2678,0.0
6.955,3,0.0000,0.5595,0.4000,0.5678,0.3000,0.2678,0.0
7.055,2,0.0000,0.5115,0.4000,-1.0000,0.3000,-0.1115,0.0
7.155,2,0.0000,0.4942,0.4000,-1.0000,0.3000,-0.0942,0.0
7.255,2,0.0000,0.0000,0.4000,-1.0000,0.3000,0.4000,190.0
7.355,2,0.0000,0.0000,0.4000,-1.0000,0.3000,0.4000,204.8
7.455,2,0.0000,0.0000,0.4000,-1.0000,0.3000,0.4000,204.8
7.555,2,0.0000,0.0000,0.4000,-1.0000,0.3000,0.4000,204.9
7.655,2,0.0000,0.0000,0.4000,-1.0000,0.3000,0.4000,190.0
7.755,2,0.0000,0.0000,0.4000,-1.0000,0.3000,0.4000,190.0
7.855,2,0.0000,0.0888,0.4000,-1.0000,0.3000,0.3112,201.9
7.955,2,0.0000,0.0888,0.4000,-1.0000,0.3000,0.3112,202.0
8.055,2,0.0000,0.2990,0.4000,-1.0000,0.3000,0.1010,194.7
8.155,2,0.0000,0.7063,0.4000,-1.0000,0.3000,-0.3063,180.4
8.255,2,1.7383,0.7460,0.4000,-1.0000,0.3000,-0.3460,178.9
8.355,2,0.0000,0.6961,0.4000,-1.0000,0.3000,-0.2961,180.6
8.456,2,0.0000,0.5816,0.4000,-1.0000,0.3000,-0.1816,184.6
8.556,2,0.0000,0.6645,0.4000,-1.0000,0.3000,-0.2645,181.6
8.656,2,0.0000,1.0974,0.4000,-1.0000,0.3000,-0.6974,166.4
8.756,2,0.0000,0.9455,0.4000,-1.0000,0.3000,-0.5455,171.7
8.856,2,1.7383,0.7797,0.4000,-1.0000,0.3000,-0.3797,177.6
8.956,2,1.7383,0.6608,0.4000,-1.0000,0.3000,-0.2608,181.7
9.056,2,1.7383,0.8107,0.4000,-1.0000,0.3000,-0.4107,176.4
9.156,2,0.0000,0.9776,0.4000,-1.0000,0.3000,-0.5776,170.5
9.256,2,0.0000,0.7942,0.4000,-1.0000,0.3000,-0.3942,177.0
9.356,2,0.0000,0.7282,0.4000,-1.0000,0.3000,-0.3282,179.3
9.456,2,0.0000,0.5228,0.4000,-1.0000,0.3000,-0.1228,186.4
9.556,2,1.7383,0.4998,0.4000,-1.0000,0.3000,-0.0998,187.2
9.656,2,1.7383,0.7348,0.4000,-1.0000,0.3000,-0.3348,178.9
9.756,2,1.7383,0.8135,0.4000,-1.0000,0.3000,-0.4135,176.1
9.856,2,0.0000,0.7618,0.4000,-1.0000,0.3000,-0.3618,177.9
9.956,2,1.7383,0.6455,0.4000,-1.0000,0.3000,-0.2455,182.0
10.056,2,0.0000,0.5451,0.4000,-1.0000,0.3000,-0.1451,185.5
10.156,2,1.7383,0.7785,0.4000,-1.0000,0.3000,-0.3785,177.3
10.256,2,0.0000,0.9929,0.4000,-1.0000,0.3000,-0.5929,169.7
10.356,2,0.0000,0.8004,0.4000,-1.0000,0.3000,-0.4004,176.5
10.456,2,0.0000,0.7310,0.4000,-1.0000,0.3000,-0.3310,178.9
10.556,2,0.0000,0.5271,0.4000,-1.0000,0.3000,-0.1271,186.0
10.656,2,1.7383,0.5062,0.4000,-1.0000,0.3000,-0.1062,186.7
10.756,2,1.7383,0.7452,0.4000,-1.0000,0.3000,-0.3452,178.3
10.856,2,1.7383,0.8237,0.4000,-1.0000,0.3000,-0.4237,175.5
10.956,2,0.0000,0.7701,0.4000,-1.0000,0.3000,-0.3701,177.4
11.056,2,1.7383,0.6516,0.4000,-1.0000,0.3000,-0.2516,181.5
11.156,2,0.0000,0.5495,0.4000,-1.0000,0.3000,-0.1495,185.1
11.256,2,0.0000,0.5304,0.4000,-1.0000,0.3000,-0.1304,185.7
11.357,2,0.0000,0.8510,0.4000,-1.0000,0.3000,-0.4510,174.4
11.457,2,0.0000,0.7649,0.4000,-1.0000,0.3000,-0.3649,177.4
11.557,2,0.0000,0.7339,0.4000,-1.0000,0.3000,-0.3339,178.5
11.657,2,0.0000,0.5728,0.4000,-1.0000,0.3000,-0.1728,184.1
11.757,2,1.7383,0.5713,0.4000,-1.0000,0.3000,-0.1713,184.1
11.857,2,0.0000,0.9692,0.4000,-1.0000,0.3000,-0.5692,170.1
11.957,2,0.0000,0.8415,0.4000,-1.0000,0.3000,-0.4415,174.6
12.057,2,0.0000,0.7956,0.4000,-1.0000,0.3000,-0.3956,176.2
12.157,2,0.0000,0.5923,0.4000,-1.0000,0.3000,-0.1923,183.3
12.257,2,1.7383,0.5348,0.4000,-1.0000,0.3000,-0.1348,185.3
12.357,2,1.7383,0.7284,0.4000,-1.0000,0.3000,-0.3284,178.5
12.457,2,1.7383,0.7946,0.4000,-1.0000,0.3000,-0.3946,176.1
12.557,2,0.0000,0.7424,0.4000,-1.0000,0.3000,-0.3424,178.0
12.657,2,1.7383,0.6246,0.4000,-1.0000,0.3000,-0.2246,182.1
12.758,2,0.0000,0.5227,0.4000,-1.0000,0.3000,-0.1227,185.6
12.858,2,0.0000,0.5579,0.4000,-1.0000,0.3000,-0.1579,184.4
12.958,2,0.0000,0.9326,0.4000,-1.0000,0.3000,-0.5326,171.2
13.058,2,0.0000,0.8094,0.4000,-1.0000,0.3000,-0.4094,175.5
13.158,2,0.0000,0.7650,0.4000,-1.0000,0.3000,-0.3650,177.1
13.258,2,0.0000,0.5728,0.4000,-1.0000,0.3000,-0.1728,183.8
13.358,2,1.7383,0.5092,0.4000,-1.0000,0.3000,-0.1092,186.0
13.458,2,1.7383,0.6840,0.4000,-1.0000,0.3000,-0.2840,179.8
13.558,2,0.0000,0.8636,0.4000,-1.0000,0.3000,-0.4636,173.5
13.658,2,0.0000,0.7348,0.4000,-1.0000,0.3000,-0.3348,178.0
13.758,2,0.0000,0.6884,0.4000,-1.0000,0.3000,-0.2884,179.6
13.858,2,0.0000,0.5242,0.4000,-1.0000,0.3000,-0.1242,185.3
13.958,2,1.7383,0.5321,0.4000,-1.0000,0.3000,-0.1321,185.0
14.058,2,0.0000,0.9369,0.4000,-1.0000,0.3000,-0.5369,170.8
14.158,2,1.7383,0.9079,0.4000,-1.0000,0.3000,-0.5079,171.8
14.258,2,0.0000,0.7926,0.4000,-1.0000,0.3000,-0.3926,175.9
14.358,3,1.7383,0.6335,0.4000,0.8609,0.3000,0.5609,141.8
14.458,3,0.0000,0.5057,0.4000,0.8609,0.3000,0.5609,71.8
14.558,3,0.0000,0.4597,0.4000,0.8609,0.3000,0.5609,19.7
14.658,2,0.0000,0.3862,0.4000,-1.0000,0.3000,0.0138,37.2
14.758,2,0.0000,0.3597,0.4000,-1.0000,0.3000,0.0403,72.2
14.858,2,0.0000,0.3502,0.4000,-1.0000,0.3000,0.0498,107.2
14.958,2,0.0000,0.3468,0.4000,-1.0000,0.3000,0.0532,142.2
15.058,2,0.0000,0.0000,0.4000,-1.0000,0.3000,0.4000,190.0
15.158,2,0.0000,0.0000,0.4000,-1.0000,0.3000,0.4000,204.8
15.258,2,0.0000,0.0000,0.4000,-1.0000,0.3000,0.4000,204.9
15.358,2,1.7383,0.1137,0.4000,-1.0000,0.3000,0.2863,201.0
15.458,2,0.0000,0.1137,0.4000,-1.0000,0.3000,0.2863,201.0
15.558,2,0.0000,0.1137,0.4000,-1.0000,0.3000,0.2863,201.1
15.659,2,1.7043,0.1892,0.4000,-1.0000,0.3000,0.2108,198.5
15.759,2,0.0000,0.2616,0.4000,-1.0000,0.3000,0.1384,196.0
15.859,2,1.7383,0.3212,0.4000,-1.0000,0.3000,0.0788,193.9
15.959,2,0.0000,0.3628,0.4000,-1.0000,0.3000,0.0372,192.5
16.059,2,1.7383,0.7536,0.4000,-1.0000,0.3000,-0.3536,178.8
16.159,2,0.0000,1.0317,0.4000,-1.0000,0.3000,-0.6317,169.0
16.259,2,0.0000,0.8804,0.4000,-1.0000,0.3000,-0.4804,174.3
16.359,2,1.7383,0.7190,0.4000,-1.0000,0.3000,-0.3190,179.9
16.459,2,0.0000,0.5967,0.4000,-1.0000,0.3000,-0.1967,184.2
16.559,2,0.0000,0.5830,0.4000,-1.0000,0.3000,-0.1830,184.6
16.659,2,0.0000,0.9265,0.4000,-1.0000,0.3000,-0.5265,172.5
16.759,2,0.0000,0.8121,0.4000,-1.0000,0.3000,-0.4121,176.6
16.859,2,0.0000,0.7709,0.4000,-1.0000,0.3000,-0.3709,178.0
16.959,2,0.0000,0.5793,0.4000,-1.0000,0.3000,-0.1793,184.7
17.059,2,1.7383,0.5381,0.4000,-1.0000,0.3000,-0.1381,186.1
17.160,2,0.0000,0.8827,0.4000,-1.0000,0.3000,-0.4827,173.9
17.260,2,1.7383,0.8674,0.4000,-1.0000,0.3000,-0.4674,174.5
17.360,2,0.0000,0.7782,0.4000,-1.0000,0.3000,-0.3782,177.6
17.460,2,0.0000,0.5802,0.4000,-1.0000,0.3000,-0.1802,184.5
17.560,2,0.0000,0.5089,0.4000,-1.0000,0.3000,-0.1089,187.0
17.660,2,1.7383,0.7500,0.4000,-1.0000,0.3000,-0.3500,178.5
17.760,2,0.0000,0.9679,0.4000,-1.0000,0.3000,-0.5679,170.8
17.860,2,0.0000,0.8217,0.4000,-1.0000,0.3000,-0.4217,176.0
17.960,2,1.7383,0.6652,0.4000,-1.0000,0.3000,-0.2652,181.5
18.060,2,0.0000,0.5466,0.4000,-1.0000,0.3000,-0.1466,185.6
18.160,2,0.0000,0.5381,0.4000,-1.0000,0.3000,-0.1381,185.8
18.260,2,0.0000,0.8733,0.4000,-1.0000,0.3000,-0.4733,174.0
18.360,3,1.7383,0.8556,0.4000,1.1979,0.3000,0.8979,136.4
18.460,3,0.0000,0.7661,0.4000,1.1475,0.3000,0.8475,66.4
18.560,3,0.0000,0.5717,0.4000,1.0978,0.3000,0.7978,28.0
18.660,3,0.0000,0.5017,0.4000,1.0571,0.3000,0.7571,26.6
18.760,3,0.0000,0.4434,0.4000,0.5692,0.3000,0.2692,9.4
18.860,3,0.0000,0.4224,0.4000,1.0129,0.3000,0.7129,25.0
18.960,3,1.7383,0.4070,0.4000,0.9964,0.3000,0.6964,24.4
19.060,3,0.0000,0.3968,0.4000,1.0019,0.3000,0.7019,24.6
19.160,3,0.0000,0.3932,0.4000,1.0199,0.3000,0.7199,25.3
19.260,3,0.0000,0.3918,0.4000,1.0281,0.3000,0.7281,25.6
19.360,3,0.0000,0.0000,0.4000,1.0000,0.3000,0.7000,24.6
19.460,3,0.0000,0.0000,0.4000,0.9974,0.3000,0.6974,24.5
19.560,3,0.0000,0.0000,0.4000,1.0021,0.3000,0.7021,24.6
19.660,3,0.0000,0.0000,0.4000,0.9976,0.3000,0.6976,24.5
19.760,3,0.0000,0.0000,0.4000,1.0067,0.3000,0.7067,24.8
19.860,3,0.0000,0.0000,0.4000,0.9952,0.3000,0.6952,24.4
19.960,3,0.0000,0.0000,0.4000,0.9978,0.3000,0.6978,24.5
20.061,3,0.0000,0.0000,0.4000,1.0022,0.3000,0.7022,24.6
20.161,3,0.0000,0.0000,0.4000,1.0249,0.3000,0.7249,25.4
20.261,3,0.0000,0.0000,0.4000,1.0057,0.3000,0.7057,24.8
20.361,3,0.0000,0.0000,0.4000,1.0112,0.3000,0.7112,25.0
20.461,3,0.0000,0.0000,0.4000,1.0022,0.3000,0.7022,24.6
20.561,3,0.0000,0.0000,0.4000,1.0144,0.3000,0.7144,25.1
20.661,3,0.0000,0.0000,0.4000,0.9765,0.3000,0.6765,23.7
20.761,3,0.0000,0.0000,0.4000,1.0046,0.3000,0.7046,24.7
20.861,3,0.0000,0.0000,0.4000,1.0232,0.3000,0.7232,25.4
20.961,3,0.0000,0.0000,0.4000,1.0194,0.3000,0.7194,25.3
21.061,3,0.0000,0.0000,0.4000,1.0184,0.3000,0.7184,25.2
21.161,3,0.0000,0.0000,0.4000,1.0227,0.3000,0.7227,25.4
21.261,3,0.0000,0.0000,0.4000,1.0437,0.3000,0.7437,26.1
21.361,3,0.0000,0.0000,0.4000,1.0381,0.3000,0.7381,25.9
21.462,3,0.0000,0.0000,0.4000,1.0362,0.3000,0.7362,25.8
21.562,3,0.0000,0.0000,0.4000,1.0372,0.3000,0.7372,25.9
21.662,3,0.0000,0.0000,0.4000,1.0573,0.3000,0.7573,26.6
21.762,3,0.0000,0.0000,0.4000,1.0647,0.3000,0.7647,26.8
21.862,3,0.0000,0.0000,0.4000,1.1401,0.3000,0.8401,29.5
21.962,3,0.0000,0.0000,0.4000,1.1494,0.3000,0.8494,29.8
22.062,3,0.0000,0.0000,0.4000,1.1540,0.3000,0.8540,30.0
22.162,3,0.0000,0.0000,0.4000,1.1540,0.3000,0.8540,30.0
22.262,3,0.0000,0.0000,0.4000,1.1540,0.3000,0.8540,30.0
22.362,3,0.0000,0.0000,0.4000,1.1357,0.3000,0.8357,155.0
22.462,3,0.0000,0.0000,0.4000,1.1777,0.3000,0.8777,85.0
22.562,3,0.0000,0.0000,0.4000,1.1144,0.3000,0.8144,28.5
22.662,3,0.0000,0.0000,0.4000,1.0847,0.3000,0.7847,27.5
22.762,3,0.0000,0.0000,0.4000,0.9885,0.3000,0.6885,24.1
22.862,3,0.0000,0.0000,0.4000,0.9885,0.3000,0.6885,24.1
22.962,3,0.0000,0.0000,0.4000,0.9885,0.3000,0.6885,24.1
23.062,2,0.0000,0.0000,0.4000,-1.0000,0.3000,0.4000,190.0
23.162,2,0.0000,0.0000,0.4000,-1.0000,0.3000,0.4000,190.0
23.262,2,0.0000,0.0000,0.4000,-1.0000,0.3000,0.4000,204.8
23.362,2,0.0000,0.0000,0.4000,-1.0000,0.3000,0.4000,204.9
23.462,2,0.0000,0.0000,0.4000,-1.0000,0.3000,0.4000,205.0
23.562,2,0.0000,0.0000,0.4000,-1.0000,0.3000,0.4000,190.0
23.662,2,0.0000,0.0000,0.4000,-1.0000,0.3000,0.4000,205.0
23.762,2,0.0000,0.0000,0.4000,-1.0000,0.3000,0.4000,205.1
23.862,2,0.0000,0.0000,0.4000,-1.0000,0.3000,0.4000,205.2
23.962,2,0.0000,0.0000,0.4000,-1.0000,0.3000,0.4000,190.0
24.062,2,0.0000,0.0000,0.4000,-1.0000,0.3000,0.4000,190.0
24.162,2,0.0000,0.0000,0.4000,-1.0000,0.3000,0.4000,205.3
24.262,2,0.0000,0.0000,0.4000,-1.0000,0.3000,0.4000,205.4
24.363,2,0.0000,0.0000,0.4000,-1.0000,0.3000,0.4000,205.5
24.463,2,0.0000,0.0000,0.4000,-1.0000,0.3000,0.4000,190.0
24.563,2,0.0000,0.0000,0.4000,-1.0000,0.3000,0.4000,205.5
24.663,2,0.0000,0.0000,0.4000,-1.0000,0.3000,0.4000,205.6
24.763,2,0.0000,0.0000,0.4000,-1.0000,0.3000,0.4000,205.7
24.863,2,0.0000,0.0000,0.4000,-1.0000,0.3000,0.4000,190.0
24.963,2,0.0000,0.0000,0.4000,-1.0000,0.3000,0.4000,190.0
25.063,2,0.0000,0.0000,0.4000,-1.0000,0.3000,0.4000,205.8
25.163,2,0.0000,0.0000,0.4000,-1.0000,0.3000,0.4000,205.9
25.263,2,0.0000,0.0000,0.4000,-1.0000,0.3000,0.4000,206.0
25.363,2,0.0000,0.0000,0.4000,-1.0000,0.3000,0.4000,190.0
25.463,2,0.0000,0.0000,0.4000,-1.0000,0.3000,0.4000,206.0
25.563,2,0.0000,0.0000,0.4000,-1.0000,0.3000,0.4000,206.1
25.663,2,0.0000,0.0000,0.4000,-1.0000,0.3000,0.4000,206.2
25.763,2,0.0000,0.0129,0.4000,-1.0000,0.3000,0.3871,190.0
25.864,2,0.0000,0.0129,0.4000,-1.0000,0.3000,0.3871,190.0
25.964,2,0.0000,0.2600,0.4000,-1.0000,0.3000,0.1400,197.2
26.064,2,1.7383,0.4373,0.4000,-1.0000,0.3000,-0.0373,191.0
26.164,2,1.7383,0.7881,0.4000,-1.0000,0.3000,-0.3881,178.6
26.264,2,1.7383,0.8989,0.4000,-1.0000,0.3000,-0.4989,174.7
26.364,2,0.0000,0.8453,0.4000,-1.0000,0.3000,-0.4453,176.6
26.464,2,0.0000,0.6777,0.4000,-1.0000,0.3000,-0.2777,182.4
26.564,2,0.0000,0.6502,0.4000,-1.0000,0.3000,-0.2502,183.3
26.664,2,0.0000,0.9894,0.4000,-1.0000,0.3000,-0.5894,171.4
26.764,2,0.0000,0.8469,0.4000,-1.0000,0.3000,-0.4469,176.4
26.864,2,0.0000,0.7957,0.4000,-1.0000,0.3000,-0.3957,178.2
26.964,2,0.0000,0.5906,0.4000,-1.0000,0.3000,-0.1906,185.3
27.064,2,1.7383,0.5512,0.4000,-1.0000,0.3000,-0.1512,186.7
27.164,2,1.7383,0.7694,0.4000,-1.0000,0.3000,-0.3694,179.0
27.264,2,1.7383,0.8389,0.4000,-1.0000,0.3000,-0.4389,176.5
27.364,2,0.0000,0.7822,0.4000,-1.0000,0.3000,-0.3822,178.5
27.464,3,0.0000,0.6186,0.4000,0.5704,0.3000,0.2704,108.5
27.564,3,1.7383,0.5818,0.4000,0.5704,0.3000,0.2704,38.5
27.664,3,1.7383,0.6739,0.4000,0.5704,0.3000,0.2704,9.5
27.764,2,0.0000,0.7623,0.4000,-1.0000,0.3000,-0.3623,27.0
27.864,2,0.0000,0.7941,0.4000,-1.0000,0.3000,-0.3941,62.0
27.964,2,0.0000,0.5046,0.4000,-1.0000,0.3000,-0.1046,97.0
28.064,2,0.0000,0.4003,0.4000,-1.0000,0.3000,-0.0003,132.0
28.164,2,0.0000,0.3628,0.4000,-1.0000,0.3000,0.0372,167.0
28.264,1,0.0000,0.3493,0.4000,0.1470,0.3000,-0.1530,-180.0
28.364,3,0.0000,0.0000,0.4000,0.1044,0.3000,-0.1956,0.0
28.464,1,0.0000,0.0000,0.4000,0.0943,0.3000,-0.2057,-180.0
28.564,1,0.0000,0.0000,0.4000,0.0911,0.3000,-0.2089,-180.0
28.664,1,0.0000,0.0000,0.4000,0.0876,0.3000,-0.2124,-180.0
28.765,1,0.0000,0.0000,0.4000,0.0909,0.3000,-0.2091,-180.0
28.865,1,0.0000,0.0000,0.4000,0.0943,0.3000,-0.2057,-180.0
28.965,1,0.0000,0.0000,0.4000,0.0978,0.3000,-0.2022,-180.0
29.065,3,0.0000,0.0000,0.4000,0.1044,0.3000,-0.1956,0.0
29.165,1,0.0000,0.0000,0.4000,0.0943,0.3000,-0.2057,-180.0
29.265,3,0.0000,0.0000,0.4000,0.1079,0.3000,-0.1921,0.0
29.365,3,0.0000,0.0000,0.4000,0.1079,0.3000,-0.1921,0.0
29.465,3,0.0000,0.0000,0.4000,0.1079,0.3000,-0.1921,0.0
29.565,2,0.0000,0.0000,0.4000,-1.0000,0.3000,0.4000,190.0
29.665,2,0.0000,0.0000,0.4000,-1.0000,0.3000,0.4000,204.8
29.765,2,0.0000,0.0000,0.4000,-1.0000,0.3000,0.4000,204.9
29.865,2,0.0000,0.0463,0.4000,-1.0000,0.3000,0.3537,203.3
29.965,2,0.0000,0.0463,0.4000,-1.0000,0.3000,0.3537,190.0
30.065,2,0.0000,0.0463,0.4000,-1.0000,0.3000,0.3537,190.0
30.166,2,0.0000,0.0463,0.4000,-1.0000,0.3000,0.3537,203.4
30.266,2,0.0000,0.1550,0.4000,-1.0000,0.3000,0.2450,199.7
30.366,2,0.0000,0.1942,0.4000,-1.0000,0.3000,0.2058,198.4
30.466,2,1.7383,0.5726,0.4000,-1.0000,0.3000,-0.1726,185.1
30.566,2,0.0000,0.8287,0.4000,-1.0000,0.3000,-0.4287,176.1
30.666,2,0.0000,0.7395,0.4000,-1.0000,0.3000,-0.3395,179.2
30.766,3,1.7383,0.6422,0.4000,0.9776,0.3000,0.6775,144.8
30.866,3,0.0000,0.5680,0.4000,0.9081,0.3000,0.6081,74.8
30.966,3,0.0000,0.6281,0.4000,0.8573,0.3000,0.5573,19.6
31.066,1,0.0000,0.8548,0.4000,0.1434,0.3000,-0.1566,-180.0
31.166,1,0.0000,0.9364,0.4000,0.1334,0.3000,-0.1666,-180.0
31.266,1,0.0000,0.9657,0.4000,0.1468,0.3000,-0.1532,-180.0
31.366,1,0.0000,0.9763,0.4000,0.1535,0.3000,-0.1465,-180.0
31.466,3,0.0000,0.0000,0.4000,0.1434,0.3000,-0.1566,0.0
31.566,3,0.0000,0.0000,0.4000,0.1367,0.3000,-0.1633,0.0
31.666,3,0.0000,0.0000,0.4000,0.1213,0.3000,-0.1787,0.0
31.766,3,0.0000,0.0000,0.4000,0.1111,0.3000,-0.1889,0.0
31.866,3,0.0000,0.0000,0.4000,0.1434,0.3000,-0.1566,0.0
31.966,3,0.0000,0.0000,0.4000,0.1636,0.3000,-0.1364,0.0
32.066,3,0.0000,0.0000,0.4000,0.7946,0.3000,0.4946,0.0
32.166,3,0.0000,0.0000,0.4000,0.6087,0.3000,0.3087,10.7
32.266,3,0.0000,0.0000,0.4000,0.6087,0.3000,0.3087,10.7
32.366,3,0.0000,0.0000,0.4000,0.6087,0.3000,0.3087,10.7
32.466,2,0.0000,0.0000,0.4000,-1.0000,0.3000,0.4000,190.0
32.566,3,0.0000,0.0563,0.4000,0.6003,0.3000,0.3003,167.8
32.666,3,0.0000,0.0563,0.4000,0.7721,0.3000,0.4721,97.8
32.766,3,0.0000,0.0563,0.4000,0.5893,0.3000,0.2893,27.8
32.866,3,0.0000,0.0563,0.4000,0.5834,0.3000,0.2834,9.9
32.966,3,0.0000,0.0000,0.4000,0.6129,0.3000,0.3129,11.0
33.067,3,0.0000,0.0000,0.4000,0.6129,0.3000,0.3129,11.0
33.167,3,0.0000,0.0000,0.4000,0.7891,0.3000,0.4891,17.2
33.267,3,0.0000,0.0000,0.4000,0.7891,0.3000,0.4891,17.2
33.367,3,0.0000,0.0000,0.4000,0.7891,0.3000,0.4891,17.2
33.467,3,0.0000,0.0000,0.4000,0.5860,0.3000,0.2860,10.0
33.567,3,0.0000,0.0000,0.4000,0.5860,0.3000,0.2860,10.0
33.667,3,0.0000,0.0000,0.4000,0.5903,0.3000,0.2903,10.2
