#correcteur=PID,Kp=60,Ki=15,Kd=8,FF=204.0,Vc=0.7
t_s,mode,vitesse_freq_ms,vitesse_periode_ms,consigne_vitesse_ms,distance_m,consigne_dist_m,erreur_m,commande_pwm
0.0,2,0.4071,0.0045,0.7,-1.0,0.3,0.6955,210.0
0.1,2,0.7282,0.4507,0.7,-1.0,0.3,0.2493,183.3
0.2,2,0.8917,0.6464,0.7,-1.0,0.3,0.0536,192.7
0.3,2,0.8979,0.7823,0.7,-1.0,0.3,-0.0823,189.2
0.4,2,0.9339,0.8557,0.7,-1.0,0.3,-0.1557,189.6
0.5,2,0.9106,0.8911,0.7,-1.0,0.3,-0.1911,190.2
0.6,2,0.8693,0.9208,0.7,-1.0,0.3,-0.2208,188.5
0.7,2,0.9027,0.9383,0.7,-1.0,0.3,-0.2383,188.1
0.8,2,0.8808,0.9308,0.7,-1.0,0.3,-0.2308,190.2
0.9,2,0.9374,0.9097,0.7,-1.0,0.3,-0.2097,192.2
1.0,2,0.975,0.9778,0.7,-1.0,0.3,-0.2778,180.6
1.1,2,0.9271,0.9277,0.7,-1.0,0.3,-0.2277,192.7
1.2,2,0.9697,0.9431,0.7,-1.0,0.3,-0.2431,186.2
1.3,2,1.0086,0.9227,0.7,-1.0,0.3,-0.2227,189.9
1.4,2,0.9747,0.9504,0.7,-1.0,0.3,-0.2504,184.1
1.5,2,0.9353,0.9369,0.7,-1.0,0.3,-0.2369,187.8
1.6,2,0.9663,0.9422,0.7,-1.0,0.3,-0.2422,185.6
1.7,2,0.8995,0.9265,0.7,-1.0,0.3,-0.2265,187.9
1.8,2,1.0224,0.9351,0.7,-1.0,0.3,-0.2351,185.1
1.9,2,0.846,0.9146,0.7,-1.0,0.3,-0.2146,188.3
2.0,2,0.9287,0.9361,0.7,-1.0,0.3,-0.2361,183.3
2.1,2,0.9412,0.9278,0.7,-1.0,0.3,-0.2278,185.9
2.2,2,1.0154,0.9239,0.7,-1.0,0.3,-0.2239,185.4
2.3,2,0.8799,0.9068,0.7,-1.0,0.3,-0.2068,187.2
2.4,2,0.8232,0.9284,0.7,-1.0,0.3,-0.2284,182.7
2.5,2,1.0236,0.9197,0.7,-1.0,0.3,-0.2197,185.6
2.6,2,0.936,0.9241,0.7,-1.0,0.3,-0.2241,184.3
2.7,2,0.8902,0.907,0.7,-1.0,0.3,-0.207,187.1
2.8,2,0.9032,0.9227,0.7,-1.0,0.3,-0.2227,183.5
2.9,2,0.9511,0.9376,0.7,-1.0,0.3,-0.2376,182.7
3.0,2,0.9427,0.9043,0.7,-1.0,0.3,-0.2043,188.5
3.1,2,0.9871,0.9339,0.7,-1.0,0.3,-0.2339,181.7
3.2,2,0.8567,0.9376,0.7,-1.0,0.3,-0.2376,183.6
3.3,2,0.8513,0.9078,0.7,-1.0,0.3,-0.2078,188.0
3.4,2,0.9497,0.924,0.7,-1.0,0.3,-0.224,183.4
3.5,2,0.9142,0.9336,0.7,-1.0,0.3,-0.2336,183.3
3.6,2,0.9337,0.9149,0.7,-1.0,0.3,-0.2149,186.7
3.7,2,1.05,0.9145,0.7,-1.0,0.3,-0.2145,185.3
3.8,2,0.9385,0.9053,0.7,-1.0,0.3,-0.2053,186.5
3.9,2,0.9135,0.9517,0.7,-1.0,0.3,-0.2517,179.3
4.0,2,0.9044,0.9109,0.7,-1.0,0.3,-0.2109,188.7
4.1,2,1.0042,0.9237,0.7,-1.0,0.3,-0.2237,183.7
4.2,2,1.0226,0.8953,0.7,-1.0,0.3,-0.1953,188.7
4.3,2,0.9089,0.9135,0.7,-1.0,0.3,-0.2135,183.9
4.4,2,0.9583,0.9197,0.7,-1.0,0.3,-0.2197,184.4
4.5,2,0.9556,0.9038,0.7,-1.0,0.3,-0.2038,187.2
4.6,2,0.8312,0.9522,0.7,-1.0,0.3,-0.2522,179.1
4.7,2,0.8848,0.9152,0.7,-1.0,0.3,-0.2152,188.2
4.8,2,0.9212,0.9296,0.7,-1.0,0.3,-0.2296,183.2
4.9,2,0.9546,0.9123,0.7,-1.0,0.3,-0.2123,186.8
5.0,2,0.9032,0.947,0.7,-1.0,0.3,-0.247,180.5
5.1,2,0.8444,0.9233,0.7,-1.0,0.3,-0.2233,186.6
5.2,2,0.9543,0.9106,0.7,-1.0,0.3,-0.2106,186.5
5.3,2,0.937,0.9437,0.7,-1.0,0.3,-0.2437,180.8
5.4,2,0.9255,0.9119,0.7,-1.0,0.3,-0.2119,188.0
5.5,2,0.9621,0.9105,0.7,-1.0,0.3,-0.2105,185.6
5.6,2,0.8907,0.9365,0.7,-1.0,0.3,-0.2365,181.9
5.7,2,0.9413,0.9122,0.7,-1.0,0.3,-0.2122,187.3
5.8,2,0.9189,0.9201,0.7,-1.0,0.3,-0.2201,184.3
5.9,2,0.8995,0.9481,0.7,-1.0,0.3,-0.2481,181.0
6.0,2,0.8873,0.91,0.7,-1.0,0.3,-0.21,188.6
6.1,2,0.9075,0.935,0.7,-1.0,0.3,-0.235,182.0
6.2,2,1.0052,0.9105,0.7,-1.0,0.3,-0.2105,187.4
6.3,2,0.8799,0.9429,0.7,-1.0,0.3,-0.2429,180.9
6.4,2,0.9916,0.8935,0.7,-1.0,0.3,-0.1935,190.5
6.5,2,0.9694,0.923,0.7,-1.0,0.3,-0.223,182.4
6.6,2,0.9831,0.8983,0.7,-1.0,0.3,-0.1983,188.2
6.7,2,0.9682,0.915,0.7,-1.0,0.3,-0.215,183.9
6.8,2,0.8642,0.9245,0.7,-1.0,0.3,-0.2245,183.9
6.9,2,0.9651,0.9166,0.7,-1.0,0.3,-0.2166,185.8
7.0,2,0.9564,0.9252,0.7,-1.0,0.3,-0.2252,183.9
7.1,2,0.8214,0.945,0.7,-1.0,0.3,-0.245,181.8
7.2,2,0.9248,0.9347,0.7,-1.0,0.3,-0.2347,184.9
7.3,2,0.847,0.9077,0.7,-1.0,0.3,-0.2077,187.8
7.4,2,0.9769,0.9245,0.7,-1.0,0.3,-0.2245,183.3
7.5,2,1.0136,0.92,0.7,-1.0,0.3,-0.22,185.3
7.6,2,0.9267,0.9055,0.7,-1.0,0.3,-0.2055,186.9
7.7,2,0.9471,0.9124,0.7,-1.0,0.3,-0.2124,184.8
7.8,2,0.8928,0.9359,0.7,-1.0,0.3,-0.2359,182.1
7.9,2,0.9451,0.8868,0.7,-1.0,0.3,-0.1868,190.8
8.0,2,0.9414,0.9384,0.7,-1.0,0.3,-0.2384,179.7
8.1,2,0.855,0.932,0.7,-1.0,0.3,-0.232,184.7
8.2,2,0.9923,0.9274,0.7,-1.0,0.3,-0.2274,184.8
8.3,2,0.9485,0.8994,0.7,-1.0,0.3,-0.1994,188.4
8.4,2,0.917,0.9233,0.7,-1.0,0.3,-0.2233,182.8
8.5,2,0.8918,0.9261,0.7,-1.0,0.3,-0.2261,184.3
8.6,2,0.9272,0.913,0.7,-1.0,0.3,-0.213,186.4
8.7,2,0.8602,0.9121,0.7,-1.0,0.3,-0.2121,185.5
8.8,2,0.8498,0.9335,0.7,-1.0,0.3,-0.2335,182.4
8.9,2,0.9486,0.9267,0.7,-1.0,0.3,-0.2267,185.1
9.0,2,0.8884,0.9002,0.7,-1.0,0.3,-0.2002,188.2
9.1,2,0.8568,0.9434,0.7,-1.0,0.3,-0.2434,180.1
9.2,2,0.9538,0.9101,0.7,-1.0,0.3,-0.2101,188.2
9.3,2,0.9031,0.9354,0.7,-1.0,0.3,-0.2354,182.0
9.4,2,1.0111,0.911,0.7,-1.0,0.3,-0.211,187.4
9.5,2,0.9735,0.9466,0.7,-1.0,0.3,-0.2466,180.5
9.6,2,0.8758,0.9158,0.7,-1.0,0.3,-0.2158,187.6
9.7,2,0.9561,0.9144,0.7,-1.0,0.3,-0.2144,185.4
9.8,2,1.004,0.9297,0.7,-1.0,0.3,-0.2297,183.1
9.9,2,0.8304,0.9278,0.7,-1.0,0.3,-0.2278,184.6
10.0,2,0.859,0.9332,0.7,-1.0,0.3,-0.2332,183.7
10.1,2,0.9398,0.9143,0.7,-1.0,0.3,-0.2143,186.8
10.2,2,1.1007,0.9487,0.7,-1.0,0.3,-0.2487,180.4
10.3,2,0.9116,0.9214,0.7,-1.0,0.3,-0.2214,187.0
10.4,2,0.9735,0.929,0.7,-1.0,0.3,-0.229,183.8
10.5,2,1.0318,0.9164,0.7,-1.0,0.3,-0.2164,186.1
10.6,2,0.9507,0.9269,0.7,-1.0,0.3,-0.2269,183.7
10.7,2,0.9456,0.9288,0.7,-1.0,0.3,-0.2288,184.2
10.8,2,0.8828,0.9303,0.7,-1.0,0.3,-0.2303,184.2
10.9,2,0.8591,0.9131,0.7,-1.0,0.3,-0.2131,186.7
11.0,2,0.9665,0.9304,0.7,-1.0,0.3,-0.2304,182.9
11.1,2,1.0218,0.9252,0.7,-1.0,0.3,-0.2252,185.0
11.2,2,0.9627,0.9213,0.7,-1.0,0.3,-0.2213,185.2
11.3,2,0.903,0.9095,0.7,-1.0,0.3,-0.2095,186.5
11.4,2,0.9694,0.9345,0.7,-1.0,0.3,-0.2345,182.0
11.5,2,0.9202,0.9149,0.7,-1.0,0.3,-0.2149,186.8
11.6,2,0.9057,0.9063,0.7,-1.0,0.3,-0.2063,186.4
11.7,2,0.9519,0.9378,0.7,-1.0,0.3,-0.2378,181.3
11.8,2,0.9249,0.9234,0.7,-1.0,0.3,-0.2234,185.9
11.9,2,0.8827,0.922,0.7,-1.0,0.3,-0.222,184.9
12.0,3,0.5418,0.9307,0.7,1.1,0.3,0.8,0.0
12.1,3,0.2577,0.5224,0.7,1.084,0.3,0.784,0.0
12.2,3,0.2278,0.2634,0.7,1.068,0.3,0.768,0.0
12.3,3,0.0389,0.1562,0.7,1.052,0.3,0.752,0.0
12.4,3,0.0273,0.099,0.7,1.036,0.3,0.736,0.0
12.5,3,0.0655,0.0635,0.7,1.02,0.3,0.72,0.0
12.6,3,0.3951,0.0366,0.7,1.004,0.3,0.704,210.0
12.7,3,0.5771,0.4916,0.7,0.988,0.3,0.688,134.0
12.8,3,0.323,0.557,0.7,0.972,0.3,0.672,0.0
12.9,3,0.2006,0.2931,0.7,0.956,0.3,0.656,0.0
13.0,3,0.0174,0.1637,0.7,0.94,0.3,0.64,0.0
13.1,3,0.122,0.0803,0.7,0.924,0.3,0.624,0.0
13.2,3,0.5841,0.0477,0.7,0.908,0.3,0.608,210.0
13.3,3,0.4674,0.4857,0.7,0.892,0.3,0.592,134.0
13.4,3,0.3933,0.5565,0.7,0.876,0.3,0.576,0.0
13.5,3,0.1458,0.3172,0.7,0.86,0.3,0.56,0.0
13.6,3,0.1302,0.1806,0.7,0.844,0.3,0.544,0.0
13.7,3,0.143,0.1135,0.7,0.828,0.3,0.528,0.0
13.8,3,0.413,0.0517,0.7,0.812,0.3,0.512,210.0
13.9,3,0.5857,0.4876,0.7,0.796,0.3,0.496,134.0
14.0,3,0.2618,0.5585,0.7,0.78,0.3,0.48,0.0
14.1,3,0.1759,0.3234,0.7,0.764,0.3,0.464,0.0
14.2,3,0.0546,0.1792,0.7,0.748,0.3,0.448,0.0
14.3,3,0.0006,0.0974,0.7,0.732,0.3,0.432,0.0
14.4,3,0.0935,0.0667,0.7,0.716,0.3,0.416,0.0
14.5,3,0.423,0.0092,0.7,0.7,0.3,0.4,210.0
14.6,3,0.5234,0.4608,0.7,0.684,0.3,0.384,134.0
14.7,3,0.228,0.5614,0.7,0.668,0.3,0.368,0.0
14.8,3,0.1161,0.3039,0.7,0.652,0.3,0.352,0.0
14.9,3,0.1029,0.1788,0.7,0.636,0.3,0.336,0.0
15.0,3,0.0659,0.0901,0.7,0.62,0.3,0.32,0.0
15.1,3,0.4758,0.0487,0.7,0.604,0.3,0.304,210.0
15.2,3,0.6503,0.5122,0.7,0.588,0.3,0.288,134.0
15.3,3,0.3689,0.5543,0.7,0.572,0.3,0.272,0.0
15.4,3,0.1098,0.3289,0.7,0.556,0.3,0.256,0.0
15.5,3,0.1924,0.1885,0.7,0.54,0.3,0.24,0.0
15.6,3,0.001,0.0866,0.7,0.524,0.3,0.224,0.0
15.7,3,0.0477,0.0683,0.7,0.508,0.3,0.208,0.0
15.8,3,0.4992,0.038,0.7,0.492,0.3,0.192,210.0
15.9,3,0.4828,0.4834,0.7,0.476,0.3,0.176,134.0
16.0,3,0.3851,0.5749,0.7,0.46,0.3,0.16,0.0
16.1,3,0.1738,0.3122,0.7,0.444,0.3,0.144,0.0
16.2,3,0.1296,0.158,0.7,0.428,0.3,0.128,0.0
16.3,3,0.0516,0.1056,0.7,0.412,0.3,0.112,0.0
16.4,3,0.0109,0.0688,0.7,0.396,0.3,0.096,0.0
16.5,3,0.4173,0.0377,0.7,0.38,0.3,0.08,210.0
16.6,3,0.5518,0.4782,0.7,0.364,0.3,0.064,134.0
16.7,3,0.2927,0.5649,0.7,0.348,0.3,0.048,0.0
16.8,3,0.2259,0.3133,0.7,0.332,0.3,0.032,0.0
16.9,3,0.0023,0.1711,0.7,0.316,0.3,0.016,0.0
17.0,3,0.1382,0.1197,0.7,0.3,0.3,0.0,0.0
17.1,3,0.5335,0.0398,0.7,0.3045,0.3,0.0045,210.0
17.2,3,0.5857,0.4861,0.7,0.3088,0.3,0.0088,134.0
17.3,3,0.3051,0.5734,0.7,0.3128,0.3,0.0128,0.0
17.4,3,0.1373,0.3097,0.7,0.3164,0.3,0.0164,0.0
17.5,3,0.0502,0.1677,0.7,0.3195,0.3,0.0195,0.0
17.6,3,0.0131,0.0993,0.7,0.322,0.3,0.022,0.0
17.7,3,0.1206,0.0642,0.7,0.3238,0.3,0.0238,0.0
17.8,3,0.4931,0.0244,0.7,0.3248,0.3,0.0248,210.0
17.9,3,0.5907,0.4847,0.7,0.325,0.3,0.025,134.0
18.0,3,0.3595,0.5633,0.7,0.3244,0.3,0.0244,0.0
18.1,3,0.1021,0.3207,0.7,0.323,0.3,0.023,0.0
18.2,3,0.152,0.1868,0.7,0.3209,0.3,0.0209,0.0
18.3,3,0.0576,0.0896,0.7,0.3181,0.3,0.0181,0.0
18.4,3,0.0184,0.0635,0.7,0.3147,0.3,0.0147,0.0
18.5,3,0.6204,0.0438,0.7,0.3108,0.3,0.0108,210.0
18.6,3,0.4794,0.4691,0.7,0.3067,0.3,0.0067,134.0
18.7,3,0.3582,0.5659,0.7,0.3022,0.3,0.0022,0.0
18.8,3,0.2635,0.3121,0.7,0.2978,0.3,-0.0022,0.0
18.9,3,0.1403,0.1603,0.7,0.2933,0.3,-0.0067,0.0
19.0,3,0.1585,0.0915,0.7,0.2892,0.3,-0.0108,0.0
19.1,3,0.0,0.0792,0.7,0.2853,0.3,-0.0147,0.0
19.2,3,0.0689,0.0244,0.7,0.2819,0.3,-0.0181,0.0
19.3,3,0.007,0.0127,0.7,0.2791,0.3,-0.0209,0.0
19.4,3,0.0,0.01,0.7,0.277,0.3,-0.023,0.0
19.5,3,0.0,0.0095,0.7,0.2756,0.3,-0.0244,0.0
19.6,3,0.0963,0.0038,0.7,0.275,0.3,-0.025,0.0
19.7,3,0.0585,0.0,0.7,0.2752,0.3,-0.0248,0.0
19.8,3,0.0,0.0064,0.7,0.2762,0.3,-0.0238,0.0
19.9,3,0.0301,0.0192,0.7,0.278,0.3,-0.022,0.0
20.0,3,0.0678,0.0166,0.7,0.2805,0.3,-0.0195,0.0
20.1,3,0.0,0.0057,0.7,0.2836,0.3,-0.0164,0.0
20.2,3,0.4171,0.0,0.7,0.2872,0.3,-0.0128,210.0
20.3,3,0.5411,0.502,0.7,0.2912,0.3,-0.0088,-0.2
20.4,3,0.1819,0.4502,0.7,0.2955,0.3,-0.0045,0.0
20.5,3,0.1791,0.267,0.7,0.3,0.3,0.0,0.0
20.6,3,0.0666,0.1529,0.7,0.3045,0.3,0.0045,0.0
20.7,3,0.0655,0.0804,0.7,0.3088,0.3,0.0088,0.0
20.8,3,0.3537,0.0469,0.7,0.3128,0.3,0.0128,210.0
20.9,3,0.5158,0.4841,0.7,0.3164,0.3,0.0164,134.0
21.0,3,0.4966,0.569,0.7,0.3195,0.3,0.0195,0.0
21.1,3,0.159,0.3219,0.7,0.322,0.3,0.022,0.0
21.2,3,0.1285,0.1888,0.7,0.3238,0.3,0.0238,0.0
21.3,3,0.0922,0.1046,0.7,0.3248,0.3,0.0248,0.0
21.4,3,0.0,0.0804,0.7,0.325,0.3,0.025,0.0
21.5,3,0.4231,0.0369,0.7,0.3244,0.3,0.0244,210.0
21.6,3,0.5072,0.4853,0.7,0.323,0.3,0.023,134.0
21.7,3,0.2972,0.5573,0.7,0.3209,0.3,0.0209,0.0
21.8,3,0.2315,0.3266,0.7,0.3181,0.3,0.0181,0.0
21.9,3,0.102,0.1614,0.7,0.3147,0.3,0.0147,0.0
22.0,3,0.0,0.0902,0.7,0.3108,0.3,0.0108,0.0
22.1,3,0.4736,0.0527,0.7,0.3067,0.3,0.0067,210.0
22.2,3,0.5179,0.5213,0.7,0.3022,0.3,0.0022,-0.2
22.3,3,0.2416,0.4754,0.7,0.2978,0.3,-0.0022,0.0
22.4,3,0.2796,0.2878,0.7,0.2933,0.3,-0.0067,0.0
22.5,3,0.0,0.1352,0.7,0.2892,0.3,-0.0108,0.0
22.6,3,0.0718,0.1088,0.7,0.2853,0.3,-0.0147,0.0
22.7,3,0.0592,0.038,0.7,0.2819,0.3,-0.0181,0.0
22.8,3,0.0154,0.0,0.7,0.2791,0.3,-0.0209,0.0
22.9,3,0.064,0.0191,0.7,0.277,0.3,-0.023,0.0
23.0,3,0.0136,0.0,0.7,0.2756,0.3,-0.0244,0.0
23.1,3,0.0238,0.0,0.7,0.275,0.3,-0.025,0.0
23.2,3,0.0,0.0,0.7,0.2752,0.3,-0.0248,0.0
23.3,3,0.0476,0.0,0.7,0.2762,0.3,-0.0238,0.0
23.4,3,0.0,0.0188,0.7,0.278,0.3,-0.022,0.0
23.5,3,0.0,0.009,0.7,0.2805,0.3,-0.0195,0.0
23.6,3,0.0055,0.0049,0.7,0.2836,0.3,-0.0164,0.0
23.7,3,0.0,0.0399,0.7,0.2872,0.3,-0.0128,0.0
23.8,3,0.5257,0.0261,0.7,0.2912,0.3,-0.0088,210.0
23.9,3,0.6607,0.4693,0.7,0.2955,0.3,-0.0045,134.0
24.0,3,0.3343,0.5597,0.7,0.3,0.3,0.0,0.0
24.1,3,0.2475,0.3103,0.7,0.324,0.3,0.024,0.0
24.2,3,0.06,0.1873,0.7,0.348,0.3,0.048,0.0
24.3,3,0.0424,0.0817,0.7,0.372,0.3,0.072,0.0
24.4,3,0.4879,0.045,0.7,0.396,0.3,0.096,210.0
24.5,3,0.5422,0.5066,0.7,0.42,0.3,0.12,134.0
24.6,3,0.3225,0.5691,0.7,0.444,0.3,0.144,0.0
24.7,3,0.0438,0.3292,0.7,0.468,0.3,0.168,0.0
24.8,3,0.1127,0.1714,0.7,0.492,0.3,0.192,0.0
24.9,3,0.0265,0.1144,0.7,0.516,0.3,0.216,0.0
25.0,3,0.5297,0.0335,0.7,0.54,0.3,0.24,210.0
25.1,3,0.4987,0.4849,0.7,0.564,0.3,0.264,134.0
25.2,3,0.3082,0.5626,0.7,0.588,0.3,0.288,0.0
25.3,3,0.0465,0.312,0.7,0.612,0.3,0.312,0.0
25.4,3,0.1766,0.1895,0.7,0.636,0.3,0.336,0.0
25.5,3,0.0,0.1079,0.7,0.66,0.3,0.36,0.0
25.6,3,0.4922,0.0536,0.7,0.684,0.3,0.384,210.0
25.7,3,0.6102,0.4998,0.7,0.708,0.3,0.408,134.0
25.8,3,0.3242,0.5613,0.7,0.732,0.3,0.432,0.0
25.9,3,0.2661,0.3248,0.7,0.756,0.3,0.456,0.0
26.0,3,0.1475,0.1872,0.7,0.78,0.3,0.48,0.0
26.1,3,0.1407,0.1011,0.7,0.804,0.3,0.504,0.0
26.2,3,0.0,0.061,0.7,0.828,0.3,0.528,0.0
26.3,3,0.5206,0.0482,0.7,0.852,0.3,0.552,210.0
26.4,3,0.5336,0.4734,0.7,0.876,0.3,0.576,134.0
26.5,3,0.3427,0.5659,0.7,0.9,0.3,0.6,0.0
26.6,3,0.195,0.3173,0.7,0.924,0.3,0.624,0.0
26.7,3,0.1631,0.1968,0.7,0.948,0.3,0.648,0.0
26.8,3,0.1118,0.1011,0.7,0.972,0.3,0.672,0.0
26.9,3,0.516,0.0429,0.7,0.996,0.3,0.696,210.0
27.0,3,0.5568,0.5139,0.7,1.02,0.3,0.72,134.0
27.1,3,0.28,0.5597,0.7,1.044,0.3,0.744,0.0
27.2,3,0.1316,0.3061,0.7,1.068,0.3,0.768,0.0
27.3,3,0.0157,0.1743,0.7,1.092,0.3,0.792,0.0
27.4,3,0.1102,0.1003,0.7,1.116,0.3,0.816,0.0
27.5,3,0.5837,0.0452,0.7,1.14,0.3,0.84,210.0
27.6,3,0.6319,0.4987,0.7,1.164,0.3,0.864,134.0
27.7,3,0.3705,0.5622,0.7,1.188,0.3,0.888,0.0
27.8,2,0.2322,0.3062,0.7,-1.0,0.3,0.3938,0.0
27.9,2,0.1333,0.1808,0.7,-1.0,0.3,0.5192,0.0
28.0,2,0.233,0.086,0.7,-1.0,0.3,0.614,105.0
28.1,2,0.4111,0.2938,0.7,-1.0,0.3,0.4062,140.0
28.2,2,0.5644,0.4735,0.7,-1.0,0.3,0.2265,175.0
28.3,2,0.7168,0.6566,0.7,-1.0,0.3,0.0434,195.3
28.4,2,0.8977,0.7974,0.7,-1.0,0.3,-0.0974,190.0
28.5,2,0.9415,0.8518,0.7,-1.0,0.3,-0.1518,193.5
28.6,2,0.8913,0.9097,0.7,-1.0,0.3,-0.2097,189.4
28.7,2,0.8243,0.9115,0.7,-1.0,0.3,-0.2115,193.5
28.8,2,0.8474,0.9463,0.7,-1.0,0.3,-0.2463,188.4
28.9,2,0.9315,0.9424,0.7,-1.0,0.3,-0.2424,191.3
29.0,2,0.927,0.9554,0.7,-1.0,0.3,-0.2554,188.8
29.1,2,0.9937,0.9412,0.7,-1.0,0.3,-0.2412,191.5
29.2,2,0.9642,0.9538,0.7,-1.0,0.3,-0.2538,188.2
29.3,2,0.8528,0.9508,0.7,-1.0,0.3,-0.2508,189.3
29.4,2,0.9792,0.954,0.7,-1.0,0.3,-0.254,188.2
29.5,2,0.9335,0.9302,0.7,-1.0,0.3,-0.2302,191.4
29.6,2,0.9329,0.9477,0.7,-1.0,0.3,-0.2477,186.7
29.7,2,1.0259,0.945,0.7,-1.0,0.3,-0.245,188.1
29.8,2,0.857,0.953,0.7,-1.0,0.3,-0.253,186.4
29.9,2,1.0167,0.9432,0.7,-1.0,0.3,-0.2432,188.0
30.0,2,1.0011,0.9416,0.7,-1.0,0.3,-0.2416,187.1
30.1,2,0.9896,0.9598,0.7,-1.0,0.3,-0.2598,184.1
30.2,2,0.9979,0.9312,0.7,-1.0,0.3,-0.2312,189.2
30.3,2,0.933,0.937,0.7,-1.0,0.3,-0.237,185.7
30.4,2,1.0266,0.9274,0.7,-1.0,0.3,-0.2274,187.2
30.5,2,1.0243,0.9229,0.7,-1.0,0.3,-0.2229,186.7
30.6,2,0.8419,0.9384,0.7,-1.0,0.3,-0.2384,183.8
30.7,2,0.8006,0.9302,0.7,-1.0,0.3,-0.2302,185.9
30.8,2,0.9768,0.9341,0.7,-1.0,0.3,-0.2341,184.3
30.9,2,0.9348,0.9166,0.7,-1.0,0.3,-0.2166,186.8
31.0,2,0.885,0.9508,0.7,-1.0,0.3,-0.2508,180.3
31.1,2,1.0183,0.9026,0.7,-1.0,0.3,-0.2026,189.8
31.2,2,0.9136,0.953,0.7,-1.0,0.3,-0.253,178.9
31.3,2,1.0022,0.9255,0.7,-1.0,0.3,-0.2255,186.8
31.4,2,0.8963,0.9128,0.7,-1.0,0.3,-0.2128,186.4
31.5,2,1.018,0.9402,0.7,-1.0,0.3,-0.2402,181.5
31.6,2,0.8692,0.9236,0.7,-1.0,0.3,-0.2236,186.0
31.7,2,0.8832,0.9458,0.7,-1.0,0.3,-0.2458,181.6
31.8,2,0.9464,0.9111,0.7,-1.0,0.3,-0.2111,188.2
31.9,2,0.9667,0.9445,0.7,-1.0,0.3,-0.2445,180.8
32.0,2,0.9507,0.9204,0.7,-1.0,0.3,-0.2204,186.8
32.1,2,0.9554,0.9234,0.7,-1.0,0.3,-0.2234,184.5
32.2,2,0.9139,0.8916,0.7,-1.0,0.3,-0.1916,189.2
32.3,2,0.8493,0.9346,0.7,-1.0,0.3,-0.2346,180.6
32.4,2,0.9098,0.923,0.7,-1.0,0.3,-0.223,185.7
32.5,2,1.0102,0.9431,0.7,-1.0,0.3,-0.2431,181.9
32.6,2,0.917,0.9103,0.7,-1.0,0.3,-0.2103,188.1
32.7,2,0.8943,0.9251,0.7,-1.0,0.3,-0.2251,183.4
32.8,2,0.8763,0.9237,0.7,-1.0,0.3,-0.2237,184.8
32.9,2,0.9639,0.9083,0.7,-1.0,0.3,-0.2083,186.9
33.0,2,0.8703,0.9341,0.7,-1.0,0.3,-0.2341,182.0
33.1,2,0.8822,0.9293,0.7,-1.0,0.3,-0.2293,184.7
33.2,2,0.9712,0.9232,0.7,-1.0,0.3,-0.2232,185.2
33.3,2,0.9498,0.9216,0.7,-1.0,0.3,-0.2216,184.9
33.4,2,0.9123,0.9163,0.7,-1.0,0.3,-0.2163,185.6
33.5,2,0.8776,0.9216,0.7,-1.0,0.3,-0.2216,184.4
33.6,2,0.8299,0.9203,0.7,-1.0,0.3,-0.2203,185.0
33.7,2,0.9068,0.917,0.7,-1.0,0.3,-0.217,185.4
33.8,2,0.9082,0.9208,0.7,-1.0,0.3,-0.2208,184.6
33.9,2,0.9511,0.9219,0.7,-1.0,0.3,-0.2219,184.7
34.0,2,0.88,0.9328,0.7,-1.0,0.3,-0.2328,183.3
34.1,2,0.8652,0.9046,0.7,-1.0,0.3,-0.2046,188.1
34.2,2,0.9012,0.9219,0.7,-1.0,0.3,-0.2219,183.4
34.3,2,0.8473,0.9131,0.7,-1.0,0.3,-0.2131,186.0
34.4,2,0.9339,0.9196,0.7,-1.0,0.3,-0.2196,184.4
34.5,2,0.8863,0.9302,0.7,-1.0,0.3,-0.2302,183.5
34.6,2,0.869,0.9148,0.7,-1.0,0.3,-0.2148,186.5
34.7,2,0.8707,0.9242,0.7,-1.0,0.3,-0.2242,183.9
34.8,2,0.8132,0.9285,0.7,-1.0,0.3,-0.2285,184.1
34.9,2,0.9423,0.916,0.7,-1.0,0.3,-0.216,186.2
