#correcteur=PID,Kp=35.0,Ki=2.0,Kd=0.5,FF=190.8,Vc=0.40
t_s,mode,vitesse_freq_ms,vitesse_periode_ms,consigne_vitesse_ms,distance_m,consigne_dist_m,erreur_m,commande_pwm
3.130,2,0.0000,0.0000,0.4000,-1.0000,0.3000,0.4000,190.0
3.230,2,0.0000,0.0000,0.4000,-1.0000,0.3000,0.4000,204.8
3.330,2,0.0000,0.0000,0.4000,-1.0000,0.3000,0.4000,204.9
3.430,2,0.0000,0.0000,0.4000,-1.0000,0.3000,0.4000,205.0
3.530,2,0.0000,0.0000,0.4000,-1.0000,0.3000,0.4000,190.0
3.630,2,0.0000,0.0000,0.4000,-1.0000,0.3000,0.4000,190.0
3.730,2,0.0000,0.1743,0.4000,-1.0000,0.3000,0.2257,199.0
3.830,2,1.7383,0.3671,0.4000,-1.0000,0.3000,0.0329,190.3
3.930,2,0.0000,0.5521,0.4000,-1.0000,0.3000,-0.1521,185.1
4.030,2,0.0000,0.5319,0.4000,-1.0000,0.3000,-0.1319,186.5
4.130,2,0.0000,0.5247,0.4000,-1.0000,0.3000,-0.1247,186.7
4.230,2,0.0000,0.4957,0.4000,-1.0000,0.3000,-0.0957,187.8
4.330,2,0.0000,0.6224,0.4000,-1.0000,0.3000,-0.2224,182.7
4.430,2,0.0000,1.0766,0.4000,-1.0000,0.3000,-0.6766,165.5
4.530,2,0.0000,0.9463,0.4000,-1.0000,0.3000,-0.5463,172.3
4.630,2,1.7383,0.7827,0.4000,-1.0000,0.3000,-0.3827,178.9
4.730,2,1.7383,0.6699,0.4000,-1.0000,0.3000,-0.2699,181.7
4.830,2,1.7383,0.8589,0.4000,-1.0000,0.3000,-0.4589,172.6
4.930,2,1.7383,0.8914,0.4000,-1.0000,0.3000,-0.4914,174.5
5.030,2,0.0000,0.8025,0.4000,-1.0000,0.3000,-0.4025,177.0
5.130,2,1.7383,0.6529,0.4000,-1.0000,0.3000,-0.2529,183.3
5.230,2,0.0000,0.5284,0.4000,-1.0000,0.3000,-0.1284,186.8
5.330,2,1.7383,0.4959,0.4000,-1.0000,0.3000,-0.0959,187.5
5.430,2,0.0000,0.8184,0.4000,-1.0000,0.3000,-0.4184,174.8
5.530,2,1.7383,0.8057,0.4000,-1.0000,0.3000,-0.4057,177.3
5.630,2,0.0000,0.7240,0.4000,-1.0000,0.3000,-0.3240,179.6
5.730,2,1.7383,0.6024,0.4000,-1.0000,0.3000,-0.2024,184.6
5.830,2,0.0000,0.5034,0.4000,-1.0000,0.3000,-0.1034,187.3
5.931,2,1.7043,0.8019,0.4000,-1.0000,0.3000,-0.4019,174.0
6.031,2,1.7383,0.8770,0.4000,-1.0000,0.3000,-0.4770,174.6
6.131,2,0.0000,0.8047,0.4000,-1.0000,0.3000,-0.4047,176.6
6.231,2,1.7383,0.6613,0.4000,-1.0000,0.3000,-0.2613,182.7
6.331,2,0.0000,0.5393,0.4000,-1.0000,0.3000,-0.1393,186.1
6.431,2,0.0000,0.5130,0.4000,-1.0000,0.3000,-0.1130,186.6
6.531,2,0.0000,0.8259,0.4000,-1.0000,0.3000,-0.4259,174.4
6.631,2,1.7383,0.7926,0.4000,-1.0000,0.3000,-0.3926,177.8
6.731,2,0.0000,0.6930,0.4000,-1.0000,0.3000,-0.2930,180.5
6.831,2,1.7383,0.5592,0.4000,-1.0000,0.3000,-0.1592,185.9
6.931,2,0.0000,0.4523,0.4000,-1.0000,0.3000,-0.0523,188.9
7.031,2,0.0000,0.5225,0.4000,-1.0000,0.3000,-0.1225,185.8
7.131,2,0.0000,0.8926,0.4000,-1.0000,0.3000,-0.4926,171.7
7.231,2,0.0000,0.7784,0.4000,-1.0000,0.3000,-0.3784,177.5
7.331,2,0.0000,0.7373,0.4000,-1.0000,0.3000,-0.3373,178.6
7.432,2,0.0000,0.5507,0.4000,-1.0000,0.3000,-0.1507,185.7
7.532,2,1.7383,0.5479,0.4000,-1.0000,0.3000,-0.1479,184.7
7.632,2,1.7383,0.8118,0.4000,-1.0000,0.3000,-0.4118,173.3
7.732,2,1.7383,0.8884,0.4000,-1.0000,0.3000,-0.4884,173.7
7.832,2,0.0000,0.8236,0.4000,-1.0000,0.3000,-0.4236,175.6
7.932,2,0.0000,0.6158,0.4000,-1.0000,0.3000,-0.2158,183.4
8.032,2,0.0000,0.5409,0.4000,-1.0000,0.3000,-0.1409,185.5
8.132,2,1.7383,0.7672,0.4000,-1.0000,0.3000,-0.3672,175.0
8.232,3,0.0000,0.9790,0.4000,0.6234,0.3000,0.3234,105.0
8.332,3,0.0000,0.8041,0.4000,0.5690,0.3000,0.2690,35.0
8.432,3,0.0000,0.7411,0.4000,0.5690,0.3000,0.2690,9.4
8.532,3,0.0000,0.5277,0.4000,0.5690,0.3000,0.2690,9.4
8.632,2,0.0000,0.4509,0.4000,-1.0000,0.3000,-0.0509,26.9
8.732,2,0.0000,0.4232,0.4000,-1.0000,0.3000,-0.0232,61.9
8.832,2,0.0000,0.4133,0.4000,-1.0000,0.3000,-0.0133,96.9
8.932,2,0.0000,0.0000,0.4000,-1.0000,0.3000,0.4000,190.0
9.032,2,0.0000,0.0000,0.4000,-1.0000,0.3000,0.4000,204.8
9.132,2,0.0000,0.0000,0.4000,-1.0000,0.3000,0.4000,204.9
9.232,2,0.0000,0.0000,0.4000,-1.0000,0.3000,0.4000,205.0
9.332,2,0.0000,0.1077,0.4000,-1.0000,0.3000,0.2923,201.3
9.432,2,0.0000,0.1077,0.4000,-1.0000,0.3000,0.2923,201.3
9.532,2,1.7383,0.2031,0.4000,-1.0000,0.3000,0.1969,197.1
9.632,2,0.0000,0.2947,0.4000,-1.0000,0.3000,0.1053,194.5
9.732,2,1.7383,0.3505,0.4000,-1.0000,0.3000,0.0495,192.5
9.832,2,0.0000,0.3843,0.4000,-1.0000,0.3000,0.0157,191.6
9.932,2,1.7383,0.4025,0.4000,-1.0000,0.3000,-0.0025,191.0
10.032,2,0.0000,0.4127,0.4000,-1.0000,0.3000,-0.0127,190.7
10.132,2,0.0000,0.5595,0.4000,-1.0000,0.3000,-0.1595,185.0
10.232,2,0.0000,0.9704,0.4000,-1.0000,0.3000,-0.5704,169.6
10.333,2,0.0000,0.8591,0.4000,-1.0000,0.3000,-0.4591,175.5
10.433,2,1.7383,0.7027,0.4000,-1.0000,0.3000,-0.3027,181.8
10.533,2,0.0000,0.5767,0.4000,-1.0000,0.3000,-0.1767,185.4
10.633,2,0.0000,0.5740,0.4000,-1.0000,0.3000,-0.1740,185.0
10.733,2,0.0000,0.8743,0.4000,-1.0000,0.3000,-0.4743,173.3
10.833,2,0.0000,0.7607,0.4000,-1.0000,0.3000,-0.3607,178.8
10.933,2,0.0000,0.7198,0.4000,-1.0000,0.3000,-0.3198,179.9
11.033,2,0.0000,0.5638,0.4000,-1.0000,0.3000,-0.1638,185.8
11.133,2,1.7383,0.5841,0.4000,-1.0000,0.3000,-0.1841,183.9
11.233,2,0.0000,0.9988,0.4000,-1.0000,0.3000,-0.5988,168.3
11.333,2,0.0000,0.8747,0.4000,-1.0000,0.3000,-0.4747,174.7
11.433,2,0.0000,0.8301,0.4000,-1.0000,0.3000,-0.4301,175.9
11.533,2,0.0000,0.6236,0.4000,-1.0000,0.3000,-0.2236,183.8
11.633,2,1.7383,0.5578,0.4000,-1.0000,0.3000,-0.1578,185.5
11.734,2,1.7043,0.7401,0.4000,-1.0000,0.3000,-0.3401,176.9
11.834,2,1.7383,0.7896,0.4000,-1.0000,0.3000,-0.3896,177.8
11.934,2,0.0000,0.7254,0.4000,-1.0000,0.3000,-0.3254,179.6
12.034,2,1.7383,0.6086,0.4000,-1.0000,0.3000,-0.2086,184.4
12.134,2,0.0000,0.5103,0.4000,-1.0000,0.3000,-0.1103,187.1
12.234,2,1.7383,0.8233,0.4000,-1.0000,0.3000,-0.4233,173.1
12.334,2,1.7383,0.9017,0.4000,-1.0000,0.3000,-0.5017,173.8
12.434,2,0.0000,0.8267,0.4000,-1.0000,0.3000,-0.4267,175.9
12.534,2,1.7383,0.6836,0.4000,-1.0000,0.3000,-0.2836,181.9
12.634,2,0.0000,0.5624,0.4000,-1.0000,0.3000,-0.1624,185.3
12.734,2,0.0000,0.5445,0.4000,-1.0000,0.3000,-0.1445,185.5
12.834,2,0.0000,0.8686,0.4000,-1.0000,0.3000,-0.4686,172.8
12.934,2,0.0000,0.7657,0.4000,-1.0000,0.3000,-0.3657,178.1
13.034,2,0.0000,0.7286,0.4000,-1.0000,0.3000,-0.3286,179.0
13.134,2,0.0000,0.5645,0.4000,-1.0000,0.3000,-0.1645,185.2
13.234,2,1.7383,0.5810,0.4000,-1.0000,0.3000,-0.1810,183.5
13.334,2,0.0000,1.0006,0.4000,-1.0000,0.3000,-0.6006,167.7
13.434,2,0.0000,0.8777,0.4000,-1.0000,0.3000,-0.4777,174.0
13.534,2,1.7383,0.7143,0.4000,-1.0000,0.3000,-0.3143,180.7
13.634,2,0.0000,0.5839,0.4000,-1.0000,0.3000,-0.1839,184.3
13.734,2,0.0000,0.5809,0.4000,-1.0000,0.3000,-0.1809,183.9
13.834,2,0.0000,0.9279,0.4000,-1.0000,0.3000,-0.5279,170.4
13.934,2,0.0000,0.8015,0.4000,-1.0000,0.3000,-0.4015,176.6
14.034,2,0.0000,0.7560,0.4000,-1.0000,0.3000,-0.3560,177.9
14.134,2,0.0000,0.5555,0.4000,-1.0000,0.3000,-0.1555,185.5
14.234,2,0.0000,0.4833,0.4000,-1.0000,0.3000,-0.0833,187.5
14.334,2,0.0000,0.4917,0.4000,-1.0000,0.3000,-0.0917,186.9
14.434,2,0.0000,0.8143,0.4000,-1.0000,0.3000,-0.4143,174.4
14.534,2,0.0000,0.7306,0.4000,-1.0000,0.3000,-0.3306,178.9
14.635,2,0.0000,0.7005,0.4000,-1.0000,0.3000,-0.3005,179.7
14.735,2,0.0000,0.5427,0.4000,-1.0000,0.3000,-0.1427,185.6
14.835,2,1.7383,0.5595,0.4000,-1.0000,0.3000,-0.1595,183.9
14.935,2,0.0000,0.9897,0.4000,-1.0000,0.3000,-0.5897,167.7
15.035,2,0.0000,0.8672,0.4000,-1.0000,0.3000,-0.4672,174.1
15.135,2,0.0000,0.8231,0.4000,-1.0000,0.3000,-0.4231,175.3
15.235,2,0.0000,0.6165,0.4000,-1.0000,0.3000,-0.2165,183.1
15.335,2,1.7383,0.5512,0.4000,-1.0000,0.3000,-0.1512,184.8
15.435,2,1.7383,0.7345,0.4000,-1.0000,0.3000,-0.3345,176.2
15.535,2,1.7383,0.7828,0.4000,-1.0000,0.3000,-0.3828,177.1
15.635,2,0.0000,0.7171,0.4000,-1.0000,0.3000,-0.3171,179.0
15.735,2,1.7383,0.6025,0.4000,-1.0000,0.3000,-0.2025,183.7
15.835,2,0.0000,0.5067,0.4000,-1.0000,0.3000,-0.1067,186.4
15.935,2,1.7383,0.8258,0.4000,-1.0000,0.3000,-0.4258,172.2
16.035,2,1.7383,0.9009,0.4000,-1.0000,0.3000,-0.5009,173.0
16.136,2,0.0000,0.8210,0.4000,-1.0000,0.3000,-0.4210,175.3
16.236,2,1.7383,0.6770,0.4000,-1.0000,0.3000,-0.2770,181.3
16.336,2,0.0000,0.5561,0.4000,-1.0000,0.3000,-0.1561,184.7
16.436,2,0.0000,0.5465,0.4000,-1.0000,0.3000,-0.1465,184.6
16.536,2,0.0000,0.8917,0.4000,-1.0000,0.3000,-0.4917,171.1
16.636,2,0.0000,0.7762,0.4000,-1.0000,0.3000,-0.3762,176.9
16.736,2,0.0000,0.7346,0.4000,-1.0000,0.3000,-0.3346,178.1
16.836,2,0.0000,0.5435,0.4000,-1.0000,0.3000,-0.1435,185.3
16.936,2,1.7383,0.5202,0.4000,-1.0000,0.3000,-0.1202,185.2
17.036,2,1.7383,0.7500,0.4000,-1.0000,0.3000,-0.3500,175.1
17.136,3,0.0000,0.9594,0.4000,1.1487,0.3000,0.8487,105.1
17.236,3,0.0000,0.7874,0.4000,1.0990,0.3000,0.7990,35.1
17.336,3,0.0000,0.7255,0.4000,1.0652,0.3000,0.7652,26.7
17.436,3,0.0000,0.5267,0.4000,1.0263,0.3000,0.7263,25.3
17.536,3,0.0000,0.4551,0.4000,1.0017,0.3000,0.7017,24.5
17.636,3,1.7383,0.3874,0.4000,0.9796,0.3000,0.6796,23.7
17.736,3,0.0000,0.3379,0.4000,0.9719,0.3000,0.6719,23.5
17.836,3,0.0000,0.3201,0.4000,0.9750,0.3000,0.6750,23.7
17.936,3,0.0000,0.3136,0.4000,0.9727,0.3000,0.6727,23.6
18.036,3,0.0000,0.0000,0.4000,0.9748,0.3000,0.6748,23.7
18.136,3,0.0000,0.0000,0.4000,0.9782,0.3000,0.6782,23.8
18.236,3,0.0000,0.0000,0.4000,0.9739,0.3000,0.6739,23.7
18.336,3,0.0000,0.0000,0.4000,0.9782,0.3000,0.6782,23.9
18.436,3,0.0000,0.0000,0.4000,0.9782,0.3000,0.6782,23.8
18.536,3,0.0000,0.0000,0.4000,0.9784,0.3000,0.6784,23.8
18.636,3,0.0000,0.0000,0.4000,0.9784,0.3000,0.6784,23.8
18.736,3,0.0000,0.0000,0.4000,0.9834,0.3000,0.6834,24.0
18.836,3,0.0000,0.0000,0.4000,0.9825,0.3000,0.6825,23.9
18.936,3,0.0000,0.0000,0.4000,0.9911,0.3000,0.6911,24.2
19.037,3,0.0000,0.0000,0.4000,0.9997,0.3000,0.6997,24.6
19.137,3,0.0000,0.0000,0.4000,0.9997,0.3000,0.6997,24.6
19.237,3,0.0000,0.0000,0.4000,0.9997,0.3000,0.6997,24.6
19.337,2,0.0000,0.0000,0.4000,-1.0000,0.3000,0.4000,190.0
19.437,2,0.0000,0.0000,0.4000,-1.0000,0.3000,0.4000,204.8
19.537,2,0.0000,0.0000,0.4000,-1.0000,0.3000,0.4000,204.9
19.637,2,0.0000,0.0000,0.4000,-1.0000,0.3000,0.4000,205.0
19.737,2,0.0000,0.0000,0.4000,-1.0000,0.3000,0.4000,190.0
19.837,2,0.0000,0.0000,0.4000,-1.0000,0.3000,0.4000,190.0
19.937,2,0.0000,0.0393,0.4000,-1.0000,0.3000,0.3607,203.7
20.037,2,0.0000,0.0393,0.4000,-1.0000,0.3000,0.3607,203.8
20.137,2,1.7383,0.1589,0.4000,-1.0000,0.3000,0.2411,198.5
20.237,2,0.0000,0.2737,0.4000,-1.0000,0.3000,0.1263,195.2
20.337,2,1.7383,0.3392,0.4000,-1.0000,0.3000,0.0608,193.0
20.438,2,0.0000,0.3774,0.4000,-1.0000,0.3000,0.0226,191.9
20.538,2,1.7383,0.7766,0.4000,-1.0000,0.3000,-0.3766,175.1
20.638,2,1.7383,0.8964,0.4000,-1.0000,0.3000,-0.4964,174.4
20.738,2,0.0000,0.8401,0.4000,-1.0000,0.3000,-0.4401,176.0
20.838,2,1.7383,0.6923,0.4000,-1.0000,0.3000,-0.2923,182.4
20.938,2,0.0000,0.5625,0.4000,-1.0000,0.3000,-0.1625,186.0
21.038,2,0.0000,0.5332,0.4000,-1.0000,0.3000,-0.1332,186.6
21.138,2,0.0000,0.8359,0.4000,-1.0000,0.3000,-0.4359,174.7
21.238,2,1.7383,0.7997,0.4000,-1.0000,0.3000,-0.3997,178.2
21.338,2,0.0000,0.6995,0.4000,-1.0000,0.3000,-0.2995,181.0
21.438,2,1.7383,0.5798,0.4000,-1.0000,0.3000,-0.1798,185.7
21.538,2,1.7383,0.5672,0.4000,-1.0000,0.3000,-0.1672,184.7
21.638,2,1.7383,0.8360,0.4000,-1.0000,0.3000,-0.4360,173.2
21.738,2,1.7383,0.9096,0.4000,-1.0000,0.3000,-0.5096,173.8
21.838,2,0.0000,0.8411,0.4000,-1.0000,0.3000,-0.4411,175.7
21.938,2,0.0000,0.6395,0.4000,-1.0000,0.3000,-0.2395,183.3
22.038,2,1.7383,0.5961,0.4000,-1.0000,0.3000,-0.1961,184.0
22.138,2,1.7383,0.8168,0.4000,-1.0000,0.3000,-0.4168,174.0
22.238,2,1.7383,0.8762,0.4000,-1.0000,0.3000,-0.4762,174.9
22.338,2,0.0000,0.8068,0.4000,-1.0000,0.3000,-0.4068,176.8
22.438,2,1.7383,0.6691,0.4000,-1.0000,0.3000,-0.2691,182.6
22.538,2,0.0000,0.5519,0.4000,-1.0000,0.3000,-0.1519,185.9
22.638,2,0.0000,0.5233,0.4000,-1.0000,0.3000,-0.1233,186.6
22.738,2,0.0000,0.8213,0.4000,-1.0000,0.3000,-0.4213,174.8
22.838,3,0.0000,0.7476,0.4000,0.5649,0.3000,0.2649,143.0
22.938,3,0.0000,0.7211,0.4000,0.5649,0.3000,0.2649,73.0
23.038,3,0.0000,0.5824,0.4000,0.5649,0.3000,0.2649,9.3
23.138,2,1.7383,0.5306,0.4000,-1.0000,0.3000,-0.1306,26.8
23.238,2,0.0000,0.5108,0.4000,-1.0000,0.3000,-0.1108,61.8
23.339,2,0.0000,0.5893,0.4000,-1.0000,0.3000,-0.1893,97.1
23.439,2,0.0000,0.6176,0.4000,-1.0000,0.3000,-0.2176,132.1
23.539,2,0.0000,0.6278,0.4000,-1.0000,0.3000,-0.2278,167.1
23.639,2,0.0000,0.6314,0.4000,-1.0000,0.3000,-0.2314,182.6
23.739,2,0.0000,0.0000,0.4000,-1.0000,0.3000,0.4000,190.0
23.839,2,0.0000,0.0000,0.4000,-1.0000,0.3000,0.4000,204.8
23.939,2,0.0000,0.0000,0.4000,-1.0000,0.3000,0.4000,204.8
24.039,2,0.0000,0.0000,0.4000,-1.0000,0.3000,0.4000,204.9
24.139,2,0.0000,0.0000,0.4000,-1.0000,0.3000,0.4000,190.0
24.239,2,0.0000,0.0000,0.4000,-1.0000,0.3000,0.4000,190.0
24.339,2,0.0000,0.0000,0.4000,-1.0000,0.3000,0.4000,205.0
24.439,2,0.0000,0.0000,0.4000,-1.0000,0.3000,0.4000,205.1
24.539,2,0.0000,0.0000,0.4000,-1.0000,0.3000,0.4000,205.2
24.639,2,0.0000,0.0000,0.4000,-1.0000,0.3000,0.4000,190.0
24.739,2,0.0000,0.0000,0.4000,-1.0000,0.3000,0.4000,205.2
24.840,2,0.0000,0.0000,0.4000,-1.0000,0.3000,0.4000,205.3
24.940,2,0.0000,0.0000,0.4000,-1.0000,0.3000,0.4000,205.4
25.040,2,0.0000,0.0000,0.4000,-1.0000,0.3000,0.4000,190.0
25.140,2,0.0000,0.0000,0.4000,-1.0000,0.3000,0.4000,190.0
25.240,2,0.0000,0.0000,0.4000,-1.0000,0.3000,0.4000,205.5
25.340,2,0.0000,0.0000,0.4000,-1.0000,0.3000,0.4000,205.6
25.440,2,0.0000,0.0000,0.4000,-1.0000,0.3000,0.4000,205.7
25.540,3,0.0000,0.0000,0.4000,0.8205,0.3000,0.5205,135.7
25.640,3,1.7383,0.0368,0.4000,0.8205,0.3000,0.5205,65.7
25.740,3,0.0000,0.0368,0.4000,0.8205,0.3000,0.5205,18.3
25.840,2,0.0000,0.0368,0.4000,-1.0000,0.3000,0.3632,190.0
25.940,2,0.0000,0.0368,0.4000,-1.0000,0.3000,0.3632,203.5
26.040,2,1.7383,0.1087,0.4000,-1.0000,0.3000,0.2913,200.3
26.140,2,0.0000,0.1776,0.4000,-1.0000,0.3000,0.2224,198.4
26.240,2,1.7383,0.3055,0.4000,-1.0000,0.3000,0.0945,193.1
26.340,2,1.7383,0.6180,0.4000,-1.0000,0.3000,-0.2180,180.8
26.440,2,1.7383,0.7449,0.4000,-1.0000,0.3000,-0.3449,179.0
26.540,2,0.0000,0.7256,0.4000,-1.0000,0.3000,-0.3256,179.5
26.640,2,0.0000,0.6072,0.4000,-1.0000,0.3000,-0.2072,184.0
26.740,2,1.7383,0.6467,0.4000,-1.0000,0.3000,-0.2467,181.4
26.840,2,0.0000,1.1198,0.4000,-1.0000,0.3000,-0.7198,163.7
26.940,2,0.0000,0.9867,0.4000,-1.0000,0.3000,-0.5867,170.6
27.040,2,1.7383,0.8161,0.4000,-1.0000,0.3000,-0.4161,177.5
27.145,2,1.7383,0.6964,0.4000,-1.0000,0.3000,-0.2964,180.7
27.245,2,1.7383,0.8312,0.4000,-1.0000,0.3000,-0.4312,173.9
27.345,2,1.7383,0.8416,0.4000,-1.0000,0.3000,-0.4416,176.0
27.445,2,0.0000,0.7616,0.4000,-1.0000,0.3000,-0.3616,178.3
27.545,2,1.7383,0.6259,0.4000,-1.0000,0.3000,-0.2259,183.8
27.645,1,0.0000,0.5130,0.4000,0.0458,0.3000,-0.2542,-180.0
27.745,1,1.7383,0.4709,0.4000,0.0393,0.3000,-0.2607,-180.0
27.845,1,0.0000,0.4550,0.4000,0.0809,0.3000,-0.2191,-180.0
27.945,1,1.7383,0.4602,0.4000,0.0744,0.3000,-0.2256,-180.0
28.045,1,0.0000,0.4686,0.4000,0.0744,0.3000,-0.2256,-180.0
28.145,1,0.0000,0.4716,0.4000,0.0458,0.3000,-0.2542,-180.0
28.246,1,0.0000,0.4727,0.4000,0.0713,0.3000,-0.2287,-180.0
28.346,3,0.0000,0.0000,0.4000,0.5665,0.3000,0.2665,0.0
28.446,3,0.0000,0.0000,0.4000,0.5706,0.3000,0.2706,0.0
28.546,3,0.0000,0.0000,0.4000,0.5663,0.3000,0.2663,0.0
28.646,3,0.0000,0.0000,0.4000,0.5694,0.3000,0.2694,0.0
28.746,3,0.0000,0.0000,0.4000,0.5694,0.3000,0.2694,0.0
28.846,3,0.0000,0.0000,0.4000,0.5649,0.3000,0.2649,0.0
28.946,3,0.0000,0.0000,0.4000,0.5922,0.3000,0.2922,0.0
29.046,3,0.0000,0.0000,0.4000,0.5666,0.3000,0.2666,7.5
29.146,3,0.0000,0.0000,0.4000,0.5750,0.3000,0.2750,10.1
29.246,3,0.0000,0.0000,0.4000,0.5920,0.3000,0.2920,10.6
29.346,3,0.0000,0.0000,0.4000,0.5922,0.3000,0.2922,10.6
29.446,3,0.0000,0.0000,0.4000,0.5665,0.3000,0.2665,9.7
29.546,3,0.0000,0.0000,0.4000,0.5661,0.3000,0.2661,9.7
29.646,3,0.0000,0.0000,0.4000,0.5663,0.3000,0.2663,9.7
29.746,3,0.0000,0.0000,0.4000,0.5665,0.3000,0.2665,9.7
